"Scenario";"ID";"IDPlots";"Habitattype";"Habitatsubtype";"Versie";"SBZH";"PlotWeight";"StratumWeight";"WeightComb";"nGunstig";"nIndicatoren";"n_zb_Ongunstig";"AandeelGunstig";"Status_habitatvlek"
"Cirkelplot";"IV2017010510420097";842030;6230;"6230_hn";"Versie 2.0";"Binnen";100;5,42646267659061;5,42646267659061;7;8;0;87,5;1
"Cirkelplot";"IV2017010510420097";842030;6230;"6230_hn";"Versie 3";"Binnen";100;5,42646267659061;5,42646267659061;8;9;0;88,8888888888889;1
"Cirkelplot";"IV2017010511460749";530734;6230;"6230_hn";"Versie 2.0";"Binnen";100;5,42646267659061;5,42646267659061;5;8;1;62,5;0
"Cirkelplot";"IV2017010511460749";530734;6230;"6230_hn";"Versie 3";"Binnen";100;5,42646267659061;5,42646267659061;6;9;1;66,6666666666667;0
"Cirkelplot";"IV2017010609200485";908981;1330;"1330_hpr";"Versie 2.0";"Binnen";60;6,62466184943237;3,97479710965942;6;6;0;100;1
"Cirkelplot";"IV2017010609200485";908981;1330;"1330_hpr";"Versie 3";"Binnen";60;6,62466184943237;3,97479710965942;6;6;0;100;1
"Cirkelplot";"IV2017010610523940";455349;1330;"1330_hpr";"Versie 2.0";"Binnen";93;6,62466184943237;6,16093551997211;6;6;0;100;1
"Cirkelplot";"IV2017010610523940";455349;1330;"1330_hpr";"Versie 3";"Binnen";93;6,62466184943237;6,16093551997211;6;6;0;100;1
"Cirkelplot";"IV2017010611111454";423762;6230;"6230_ha";"Versie 2.0";"Binnen";70;9,00623917481993;6,30436742237395;4;6;0;66,6666666666667;1
"Cirkelplot";"IV2017010611111454";423762;6230;"6230_ha";"Versie 3";"Binnen";70;9,00623917481993;6,30436742237395;8;9;0;88,8888888888889;1
"Cirkelplot";"IV2017010612172361";996353;1330;"1330_hpr";"Versie 2.0";"Binnen";30;6,62466184943237;1,98739855482971;6;6;0;100;1
"Cirkelplot";"IV2017010612172361";996353;1330;"1330_hpr";"Versie 3";"Binnen";30;6,62466184943237;1,98739855482971;6;6;0;100;1
"Cirkelplot";"IV2017010613314127";472065;1330;"1330_hpr";"Versie 2.0";"Binnen";63;6,62466184943237;4,1735369651424;6;6;0;100;1
"Cirkelplot";"IV2017010613314127";472065;1330;"1330_hpr";"Versie 3";"Binnen";63;6,62466184943237;4,1735369651424;5;6;0;83,3333333333333;1
"Cirkelplot";"IV2017010616345212";1117877;1330;"1330_hpr";"Versie 2.0";"Binnen";50;6,62466184943237;3,31233092471619;6;6;0;100;1
"Cirkelplot";"IV2017010616345212";1117877;1330;"1330_hpr";"Versie 3";"Binnen";50;6,62466184943237;3,31233092471619;6;6;0;100;1
"Cirkelplot";"IV2017010616490548";19510;6230;"6230_hn";"Versie 2.0";"Buiten";50;9,17159716811805;4,58579858405902;7;8;1;87,5;0
"Cirkelplot";"IV2017010616490548";19510;6230;"6230_hn";"Versie 3";"Buiten";50;9,17159716811805;4,58579858405902;9;9;0;100;1
"Cirkelplot";"IV2017010617095027";736949;1330;"1330_hpr";"Versie 2.0";"Binnen";65;6,62466184943237;4,30603020213104;6;6;0;100;1
"Cirkelplot";"IV2017010617095027";736949;1330;"1330_hpr";"Versie 3";"Binnen";65;6,62466184943237;4,30603020213104;6;6;0;100;1
"Cirkelplot";"IV2017010617282387";212661;1330;"1330_hpr";"Versie 2.0";"Binnen";90;6,62466184943237;5,96219566448914;6;6;0;100;1
"Cirkelplot";"IV2017010617282387";212661;1330;"1330_hpr";"Versie 3";"Binnen";90;6,62466184943237;5,96219566448914;6;6;0;100;1
"Cirkelplot";"IV2017010617430082";801793;1330;"1330_hpr";"Versie 2.0";"Binnen";85;6,62466184943237;5,63096257201752;6;6;0;100;1
"Cirkelplot";"IV2017010617430082";801793;1330;"1330_hpr";"Versie 3";"Binnen";85;6,62466184943237;5,63096257201752;6;6;0;100;1
"Cirkelplot";"IV2017010618124978";540341;1330;"1330_hpr";"Versie 2.0";"Binnen";85;6,62466184943237;5,63096257201752;6;6;0;100;1
"Cirkelplot";"IV2017010618124978";540341;1330;"1330_hpr";"Versie 3";"Binnen";85;6,62466184943237;5,63096257201752;6;6;0;100;1
"Cirkelplot";"IV2017010911112595";2438198;6230;"6230_hmo";"Versie 2.0";"Binnen";50;2,27842490061699;1,13921245030849;7;9;2;77,7777777777778;0
"Cirkelplot";"IV2017010911112595";2438198;6230;"6230_hmo";"Versie 3";"Binnen";50;2,27842490061699;1,13921245030849;7;11;4;63,6363636363636;0
"Cirkelplot";"IV2017010915000761";17475649;6410;"6410_ve";"Versie 2.0";"Binnen";100;3,07492932108213;3,07492932108213;10;11;0;90,9090909090909;1
"Cirkelplot";"IV2017010915000761";17475649;6410;"6410_ve";"Versie 3";"Binnen";100;3,07492932108213;3,07492932108213;11;13;0;84,6153846153846;1
"Cirkelplot";"IV2017010922050123";2664513;6410;"6410_ve";"Versie 2.0";"Binnen";100;3,07492932108213;3,07492932108213;9;11;1;81,8181818181818;0
"Cirkelplot";"IV2017010922050123";2664513;6410;"6410_ve";"Versie 3";"Binnen";100;3,07492932108213;3,07492932108213;10;13;1;76,9230769230769;0
"Cirkelplot";"IV2017011212263384";323154;6230;"6230_hn";"Versie 2.0";"Buiten";40;9,17159716811805;3,66863886724722;7;8;0;87,5;1
"Cirkelplot";"IV2017011212263384";323154;6230;"6230_hn";"Versie 3";"Buiten";40;9,17159716811805;3,66863886724722;8;9;0;88,8888888888889;1
"Cirkelplot";"IV2017011212535658";437685;1330;"1330_hpr";"Versie 2.0";"Binnen";50;6,62466184943237;3,31233092471619;6;6;0;100;1
"Cirkelplot";"IV2017011212535658";437685;1330;"1330_hpr";"Versie 3";"Binnen";50;6,62466184943237;3,31233092471619;6;6;0;100;1
"Cirkelplot";"IV2017011215162577";37557;1330;"1330_hpr";"Versie 2.0";"Binnen";70;6,62466184943237;4,63726329460266;6;6;0;100;1
"Cirkelplot";"IV2017011215162577";37557;1330;"1330_hpr";"Versie 3";"Binnen";70;6,62466184943237;4,63726329460266;6;6;0;100;1
"Cirkelplot";"IV2017011215302636";798133;1330;"1330_hpr";"Versie 2.0";"Binnen";100;6,62466184943237;6,62466184943237;6;6;0;100;1
"Cirkelplot";"IV2017011215302636";798133;1330;"1330_hpr";"Versie 3";"Binnen";100;6,62466184943237;6,62466184943237;6;6;0;100;1
"Cirkelplot";"IV2017011215545335";695297;1330;"1330_hpr";"Versie 2.0";"Binnen";30;6,62466184943237;1,98739855482971;5;6;1;83,3333333333333;0
"Cirkelplot";"IV2017011215545335";695297;1330;"1330_hpr";"Versie 3";"Binnen";30;6,62466184943237;1,98739855482971;5;6;1;83,3333333333333;0
"Cirkelplot";"IV2017011312251730";781906;6230;"6230_hn";"Versie 2.0";"Binnen";70;5,42646267659061;3,79852387361343;8;8;0;100;1
"Cirkelplot";"IV2017011312251730";781906;6230;"6230_hn";"Versie 3";"Binnen";70;5,42646267659061;3,79852387361343;9;9;0;100;1
"Cirkelplot";"IV2017011813083530";721906;6230;"6230_ha";"Versie 2.0";"Binnen";40;9,00623917481993;3,60249566992797;6;6;0;100;1
"Cirkelplot";"IV2017011813083530";721906;6230;"6230_ha";"Versie 3";"Binnen";40;9,00623917481993;3,60249566992797;9;9;0;100;1
"Cirkelplot";"IV2017011814163232";540658;6230;"6230_hn";"Versie 2.0";"Binnen";80;5,42646267659061;4,34117014127249;6;8;0;75;1
"Cirkelplot";"IV2017011814163232";540658;6230;"6230_hn";"Versie 3";"Binnen";80;5,42646267659061;4,34117014127249;8;9;0;88,8888888888889;1
"Cirkelplot";"IV2017011816484258";1436882;6230;"6230_hmo";"Versie 2.0";"Binnen";20;2,27842490061699;0,455684980123397;9;9;0;100;1
"Cirkelplot";"IV2017011816484258";1436882;6230;"6230_hmo";"Versie 3";"Binnen";20;2,27842490061699;0,455684980123397;11;11;0;100;1
"Cirkelplot";"IV2017011915010675";2133734;6230;"6230_hmo";"Versie 2.0";"Buiten";90;2,92792882668883;2,63513594401995;7;9;0;77,7777777777778;1
"Cirkelplot";"IV2017011915010675";2133734;6230;"6230_hmo";"Versie 3";"Buiten";90;2,92792882668883;2,63513594401995;8;11;1;72,7272727272727;0
"Cirkelplot";"IV2017011916524752";583378;6230;"6230_ha";"Versie 2.0";"Binnen";50;9,00623917481993;4,50311958740997;3;6;1;50;0
"Cirkelplot";"IV2017011916524752";583378;6230;"6230_ha";"Versie 3";"Binnen";50;9,00623917481993;4,50311958740997;9;9;0;100;1
"Cirkelplot";"IV2017012010235498";201006;6230;"6230_hn";"Versie 2.0";"Binnen";47;5,42646267659061;2,55043745799759;6;8;1;75;0
"Cirkelplot";"IV2017012010235498";201006;6230;"6230_hn";"Versie 3";"Binnen";47;5,42646267659061;2,55043745799759;9;9;0;100;1
"Cirkelplot";"IV2017012012273378";379094;6230;"6230_ha";"Versie 2.0";"Binnen";100;9,00623917481993;9,00623917481993;4;6;0;66,6666666666667;1
"Cirkelplot";"IV2017012012273378";379094;6230;"6230_ha";"Versie 3";"Binnen";100;9,00623917481993;9,00623917481993;8;9;0;88,8888888888889;1
"Cirkelplot";"IV2017012013020416";116950;6230;"6230_ha";"Versie 2.0";"Binnen";100;9,00623917481993;9,00623917481993;3;6;1;50;0
"Cirkelplot";"IV2017012013020416";116950;6230;"6230_ha";"Versie 3";"Binnen";100;9,00623917481993;9,00623917481993;7;9;1;77,7777777777778;0
"Cirkelplot";"IV2017012013475483";641238;6230;"6230_ha";"Versie 2.0";"Binnen";100;9,00623917481993;9,00623917481993;4;6;0;66,6666666666667;1
"Cirkelplot";"IV2017012013475483";641238;6230;"6230_ha";"Versie 3";"Binnen";100;9,00623917481993;9,00623917481993;9;9;0;100;1
"Cirkelplot";"IV2017012015481765";315329;6230;"6230_ha";"Versie 2.0";"Buiten";100;12,5627202244204;12,5627202244204;3;6;2;50;0
"Cirkelplot";"IV2017012015481765";315329;6230;"6230_ha";"Versie 3";"Buiten";100;12,5627202244204;12,5627202244204;6;9;3;66,6666666666667;0
"Cirkelplot";"IV2017012016374726";300649;6230;"6230_hmo";"Versie 2.0";"Binnen";100;2,27842490061699;2,27842490061699;6;9;2;66,6666666666667;0
"Cirkelplot";"IV2017012016374726";300649;6230;"6230_hmo";"Versie 3";"Binnen";100;2,27842490061699;2,27842490061699;7;11;3;63,6363636363636;0
"Cirkelplot";"IV2017012017101191";576302;6230;"6230_hn";"Versie 2.0";"Binnen";70;5,42646267659061;3,79852387361343;6;8;1;75;0
"Cirkelplot";"IV2017012017101191";576302;6230;"6230_hn";"Versie 3";"Binnen";70;5,42646267659061;3,79852387361343;8;9;1;88,8888888888889;0
"Cirkelplot";"IV2017012312301685";745170;6230;"6230_ha";"Versie 2.0";"Binnen";50;9,00623917481993;4,50311958740997;4;6;1;66,6666666666667;0
"Cirkelplot";"IV2017012312301685";745170;6230;"6230_ha";"Versie 3";"Binnen";50;9,00623917481993;4,50311958740997;9;9;0;100;1
"Cirkelplot";"IV2017012521020429";141010;6230;"6230_ha";"Versie 2.0";"Binnen";50;9,00623917481993;4,50311958740997;3;6;1;50;0
"Cirkelplot";"IV2017012521020429";141010;6230;"6230_ha";"Versie 3";"Binnen";50;9,00623917481993;4,50311958740997;6;9;1;66,6666666666667;0
"Cirkelplot";"IV2017012522043706";59090;6230;"6230_ha";"Versie 2.0";"Binnen";10;9,00623917481993;0,900623917481993;2;6;1;33,3333333333333;0
"Cirkelplot";"IV2017012522043706";59090;6230;"6230_ha";"Versie 3";"Binnen";10;9,00623917481993;0,900623917481993;6;9;1;66,6666666666667;0
"Cirkelplot";"IV2017012611170830";220882;6230;"6230_ha";"Versie 2.0";"Binnen";50;9,00623917481993;4,50311958740997;3;6;1;50;0
"Cirkelplot";"IV2017012611170830";220882;6230;"6230_ha";"Versie 3";"Binnen";50;9,00623917481993;4,50311958740997;7;9;1;77,7777777777778;0
"Cirkelplot";"IV2017012612213288";696182;7140;"7140_meso";"Versie 2.0";"Binnen";70;5,18362950735022;3,62854065514515;4;8;2;50;0
"Cirkelplot";"IV2017012612213288";696182;7140;"7140_meso";"Versie 3";"Binnen";70;5,18362950735022;3,62854065514515;7;12;2;58,3333333333333;0
"Cirkelplot";"IV2017012613001528";89810;6230;"6230_ha";"Versie 2.0";"Binnen";50;9,00623917481993;4,50311958740997;3;6;1;50;0
"Cirkelplot";"IV2017012613001528";89810;6230;"6230_ha";"Versie 3";"Binnen";50;9,00623917481993;4,50311958740997;8;9;1;88,8888888888889;0
"Cirkelplot";"IV2017012613411763";648914;6230;"6230_ha";"Versie 2.0";"Binnen";50;9,00623917481993;4,50311958740997;4;6;1;66,6666666666667;0
"Cirkelplot";"IV2017012613411763";648914;6230;"6230_ha";"Versie 3";"Binnen";50;9,00623917481993;4,50311958740997;7;9;1;77,7777777777778;0
"Cirkelplot";"IV2017012615432844";1150886;6230;"6230_hmo";"Versie 2.0";"Binnen";96;2,27842490061699;2,18728790459231;8;9;0;88,8888888888889;1
"Cirkelplot";"IV2017012615432844";1150886;6230;"6230_hmo";"Versie 3";"Binnen";96;2,27842490061699;2,18728790459231;9;11;1;81,8181818181818;0
"Cirkelplot";"IV2017012620463014";1216422;6230;"6230_hmo";"Versie 2.0";"Binnen";90;2,27842490061699;2,05058241055529;9;9;0;100;1
"Cirkelplot";"IV2017012620463014";1216422;6230;"6230_hmo";"Versie 3";"Binnen";90;2,27842490061699;2,05058241055529;11;11;0;100;1
"Cirkelplot";"IV2017012709211647";1566033;6230;"6230_hmo";"Versie 2.0";"Binnen";100;2,27842490061699;2,27842490061699;7;9;1;77,7777777777778;0
"Cirkelplot";"IV2017012709211647";1566033;6230;"6230_hmo";"Versie 3";"Binnen";100;2,27842490061699;2,27842490061699;9;11;1;81,8181818181818;0
"Cirkelplot";"IV2017012709434540";207406;6230;"6230_hmo";"Versie 2.0";"Binnen";35;2,27842490061699;0,797448715215945;5;9;2;55,5555555555556;0
"Cirkelplot";"IV2017012709434540";207406;6230;"6230_hmo";"Versie 3";"Binnen";35;2,27842490061699;0,797448715215945;6;11;3;54,5454545454545;0
"Cirkelplot";"IV2017012711062779";23086;7140;"7140_oli";"Versie 2.0";"Binnen";58;8,38547727868332;4,86357682163632;9;9;0;100;1
"Cirkelplot";"IV2017012711062779";23086;7140;"7140_oli";"Versie 3";"Binnen";58;8,38547727868332;4,86357682163632;10;10;0;100;1
"Cirkelplot";"IV2017012711292443";743982;6230;"6230_hmo";"Versie 2.0";"Binnen";100;2,27842490061699;2,27842490061699;9;9;0;100;1
"Cirkelplot";"IV2017012711292443";743982;6230;"6230_hmo";"Versie 3";"Binnen";100;2,27842490061699;2,27842490061699;11;11;0;100;1
"Cirkelplot";"IV2017012712420281";58433;6230;"6230_hn";"Versie 2.0";"Binnen";30;5,42646267659061;1,62793880297718;6;8;1;75;0
"Cirkelplot";"IV2017012712420281";58433;6230;"6230_hn";"Versie 3";"Binnen";30;5,42646267659061;1,62793880297718;7;9;1;77,7777777777778;0
"Cirkelplot";"IV2017012713261758";1436718;6230;"6230_hmo";"Versie 2.0";"Binnen";75;2,27842490061699;1,70881867546274;7;9;0;77,7777777777778;1
"Cirkelplot";"IV2017012713261758";1436718;6230;"6230_hmo";"Versie 3";"Binnen";75;2,27842490061699;1,70881867546274;8;11;2;72,7272727272727;0
"Cirkelplot";"IV2017012715235876";4390190;6410;"6410_ve";"Versie 2.0";"Binnen";100;3,07492932108213;3,07492932108213;9;11;1;81,8181818181818;0
"Cirkelplot";"IV2017012715235876";4390190;6410;"6410_ve";"Versie 3";"Binnen";100;3,07492932108213;3,07492932108213;7;13;4;53,8461538461538;0
"Cirkelplot";"IV2017012716313882";2760937;6410;"6410_ve";"Versie 2.0";"Binnen";60;3,07492932108213;1,84495759264928;8;11;2;72,7272727272727;0
"Cirkelplot";"IV2017012716313882";2760937;6410;"6410_ve";"Versie 3";"Binnen";60;3,07492932108213;1,84495759264928;7;13;4;53,8461538461538;0
"Cirkelplot";"IV2017013011050597";857298;6230;"6230_hn";"Versie 2.0";"Binnen";70;5,42646267659061;3,79852387361343;6;8;1;75;0
"Cirkelplot";"IV2017013011050597";857298;6230;"6230_hn";"Versie 3";"Binnen";70;5,42646267659061;3,79852387361343;9;9;0;100;1
"Cirkelplot";"IV2017013011553027";627922;6230;"6230_hn";"Versie 2.0";"Binnen";50;5,42646267659061;2,71323133829531;8;8;0;100;1
"Cirkelplot";"IV2017013011553027";627922;6230;"6230_hn";"Versie 3";"Binnen";50;5,42646267659061;2,71323133829531;9;9;0;100;1
"Cirkelplot";"IV2017013013060304";87250;6230;"6230_hn";"Versie 2.0";"Binnen";30;5,42646267659061;1,62793880297718;8;8;0;100;1
"Cirkelplot";"IV2017013013060304";87250;6230;"6230_hn";"Versie 3";"Binnen";30;5,42646267659061;1,62793880297718;9;9;0;100;1
"Cirkelplot";"IV2017013013460448";1115122;6230;"6230_hn";"Versie 2.0";"Buiten";70;9,17159716811805;6,42011801768263;7;8;1;87,5;0
"Cirkelplot";"IV2017013013460448";1115122;6230;"6230_hn";"Versie 3";"Buiten";70;9,17159716811805;6,42011801768263;8;9;1;88,8888888888889;0
"Cirkelplot";"IV2017013015545827";619506;6230;"6230_ha";"Versie 2.0";"Buiten";50;12,5627202244204;6,28136011221018;3;6;1;50;0
"Cirkelplot";"IV2017013015545827";619506;6230;"6230_ha";"Versie 3";"Buiten";50;12,5627202244204;6,28136011221018;8;9;1;88,8888888888889;0
"Cirkelplot";"IV2017013110020007";340978;6230;"6230_hn";"Versie 2.0";"Buiten";100;9,17159716811805;9,17159716811805;7;8;1;87,5;0
"Cirkelplot";"IV2017013110020007";340978;6230;"6230_hn";"Versie 3";"Buiten";100;9,17159716811805;9,17159716811805;8;9;1;88,8888888888889;0
"Cirkelplot";"IV2017020116071546";1711014;6230;"6230_hn";"Versie 2.0";"Binnen";70;5,42646267659061;3,79852387361343;6;8;0;75;1
"Cirkelplot";"IV2017020116071546";1711014;6230;"6230_hn";"Versie 3";"Binnen";70;5,42646267659061;3,79852387361343;9;9;0;100;1
"Cirkelplot";"IV2017020121010797";3276198;6230;"6230_hmo";"Versie 2.0";"Buiten";50;2,92792882668883;1,46396441334442;9;9;0;100;1
"Cirkelplot";"IV2017020121010797";3276198;6230;"6230_hmo";"Versie 3";"Buiten";50;2,92792882668883;1,46396441334442;10;11;1;90,9090909090909;0
"Cirkelplot";"IV2017020211023566";487606;6230;"6230_hmo";"Versie 2.0";"Buiten";70;2,92792882668883;2,04955017868218;7;9;0;77,7777777777778;1
"Cirkelplot";"IV2017020211023566";487606;6230;"6230_hmo";"Versie 3";"Buiten";70;2,92792882668883;2,04955017868218;11;11;0;100;1
"Cirkelplot";"IV2017020308164723";2173889;6410;"6410_mo";"Versie 2.0";"Binnen";100;0,365917673627072;0,365917673627072;9;11;1;81,8181818181818;0
"Cirkelplot";"IV2017020308164723";2173889;6410;"6410_mo";"Versie 3";"Binnen";100;0,365917673627072;0,365917673627072;12;13;1;92,3076923076923;0
"Cirkelplot";"IV2017020309175600";4008897;6410;"6410_mo";"Versie 2.0";"Binnen";100;0,365917673627072;0,365917673627072;9;11;1;81,8181818181818;0
"Cirkelplot";"IV2017020309175600";4008897;6410;"6410_mo";"Versie 3";"Binnen";100;0,365917673627072;0,365917673627072;10;13;2;76,9230769230769;0
"Cirkelplot";"IV2017020309560065";10766985;6410;"6410_mo";"Versie 2.0";"Binnen";95;0,365917673627072;0,347621789945718;8;11;2;72,7272727272727;0
"Cirkelplot";"IV2017020309560065";10766985;6410;"6410_mo";"Versie 3";"Binnen";95;0,365917673627072;0,347621789945718;8;13;3;61,5384615384615;0
"Cirkelplot";"IV2017020318100730";282614;7140;"7140_meso";"Versie 2.0";"Binnen";68;5,18362950735022;3,52486806499815;7;8;1;87,5;0
"Cirkelplot";"IV2017020318100730";282614;7140;"7140_meso";"Versie 3";"Binnen";68;5,18362950735022;3,52486806499815;11;12;0;91,6666666666667;1
"Cirkelplot";"IV2017020318315989";856054;7140;"7140_meso";"Versie 2.0";"Binnen";33;5,18362950735022;1,71059773742557;5;8;0;62,5;1
"Cirkelplot";"IV2017020318315989";856054;7140;"7140_meso";"Versie 3";"Binnen";33;5,18362950735022;1,71059773742557;10;12;0;83,3333333333333;1
"Cirkelplot";"IV2017020318560367";170798;7140;"7140_oli";"Versie 2.0";"Binnen";16;8,38547727868332;1,34167636458933;8;9;1;88,8888888888889;0
"Cirkelplot";"IV2017020318560367";170798;7140;"7140_oli";"Versie 3";"Binnen";16;8,38547727868332;1,34167636458933;10;10;0;100;1
"Cirkelplot";"IV2017020713102084";863862;7140;"7140_meso";"Versie 2.0";"Binnen";100;5,18362950735022;5,18362950735022;5;8;1;62,5;0
"Cirkelplot";"IV2017020713102084";863862;7140;"7140_meso";"Versie 3";"Binnen";100;5,18362950735022;5,18362950735022;10;12;0;83,3333333333333;1
"Cirkelplot";"IV2017020813265807";1013294;7140;"7140_meso";"Versie 2.0";"Binnen";100;5,18362950735022;5,18362950735022;3;8;1;37,5;0
"Cirkelplot";"IV2017020813265807";1013294;7140;"7140_meso";"Versie 3";"Binnen";100;5,18362950735022;5,18362950735022;6;12;3;50;0
"Cirkelplot";"IV2017020814143501";518902;7140;"7140_meso";"Versie 2.0";"Binnen";50;5,18362950735022;2,59181475367511;6;8;1;75;0
"Cirkelplot";"IV2017020814143501";518902;7140;"7140_meso";"Versie 3";"Binnen";50;5,18362950735022;2,59181475367511;10;12;1;83,3333333333333;0
"Cirkelplot";"IV2017020815060283";14029138;6120;"6120";"Versie 2.0";"Binnen";87;5,92188661716822;5,15204135693636;5;8;3;62,5;0
"Cirkelplot";"IV2017020815060283";14029138;6120;"6120";"Versie 3";"Binnen";87;5,92188661716822;5,15204135693636;8;10;2;80;0
"Cirkelplot";"IV2017020911173410";20320594;6120;"6120";"Versie 2.0";"Binnen";32;5,92188661716822;1,89500371749383;4;8;3;50;0
"Cirkelplot";"IV2017020911173410";20320594;6120;"6120";"Versie 3";"Binnen";32;5,92188661716822;1,89500371749383;7;10;2;70;0
"Cirkelplot";"IV2017020914013322";11366482;6120;"6120";"Versie 2.0";"Binnen";30;5,92188661716822;1,77656598515047;4;8;2;50;0
"Cirkelplot";"IV2017020914013322";11366482;6120;"6120";"Versie 3";"Binnen";30;5,92188661716822;1,77656598515047;6;10;2;60;0
"Cirkelplot";"IV2017020915002276";4501586;6120;"6120";"Versie 2.0";"Binnen";30;5,92188661716822;1,77656598515047;8;8;0;100;1
"Cirkelplot";"IV2017020915002276";4501586;6120;"6120";"Versie 3";"Binnen";30;5,92188661716822;1,77656598515047;8;10;2;80;0
"Cirkelplot";"IV2017021009391220";2468182;6410;"6410_ve";"Versie 2.0";"Binnen";55;3,07492932108213;1,69121112659517;7;11;3;63,6363636363636;0
"Cirkelplot";"IV2017021009391220";2468182;6410;"6410_ve";"Versie 3";"Binnen";55;3,07492932108213;1,69121112659517;7;13;5;53,8461538461538;0
"Cirkelplot";"IV2017021011171644";4042038;6410;"6410_mo";"Versie 2.0";"Binnen";80;0,365917673627072;0,292734138901657;10;11;1;90,9090909090909;0
"Cirkelplot";"IV2017021011171644";4042038;6410;"6410_mo";"Versie 3";"Binnen";80;0,365917673627072;0,292734138901657;11;13;2;84,6153846153846;0
"Cirkelplot";"IV2017021012213856";544902;6230;"6230_ha";"Versie 2.0";"Binnen";98;9,00623917481993;8,82611439132353;3;6;1;50;0
"Cirkelplot";"IV2017021012213856";544902;6230;"6230_ha";"Versie 3";"Binnen";98;9,00623917481993;8,82611439132353;6;9;2;66,6666666666667;0
"Cirkelplot";"IV2017021016462422";1618054;6410;"6410_ve";"Versie 2.0";"Binnen";100;3,07492932108213;3,07492932108213;8;11;3;72,7272727272727;0
"Cirkelplot";"IV2017021016462422";1618054;6410;"6410_ve";"Versie 3";"Binnen";100;3,07492932108213;3,07492932108213;5;13;6;38,4615384615385;0
"Cirkelplot";"IV2017021017175886";6152326;6410;"6410_mo";"Versie 2.0";"Binnen";75;0,365917673627072;0,274438255220304;8;11;3;72,7272727272727;0
"Cirkelplot";"IV2017021017175886";6152326;6410;"6410_mo";"Versie 3";"Binnen";75;0,365917673627072;0,274438255220304;10;13;3;76,9230769230769;0
"Cirkelplot";"IV2017021018002273";1286278;6410;"6410_ve";"Versie 2.0";"Binnen";50;3,07492932108213;1,53746466054106;7;11;2;63,6363636363636;0
"Cirkelplot";"IV2017021018002273";1286278;6410;"6410_ve";"Versie 3";"Binnen";50;3,07492932108213;1,53746466054106;8;13;2;61,5384615384615;0
"Cirkelplot";"IV2017021310384624";4975814;6410;"6410_mo";"Versie 2.0";"Binnen";60;0,365917673627072;0,219550604176243;10;11;1;90,9090909090909;0
"Cirkelplot";"IV2017021310384624";4975814;6410;"6410_mo";"Versie 3";"Binnen";60;0,365917673627072;0,219550604176243;12;13;1;92,3076923076923;0
"Cirkelplot";"IV2017021311505729";4598982;6410;"6410_mo";"Versie 2.0";"Binnen";50;0,365917673627072;0,182958836813536;11;11;0;100;1
"Cirkelplot";"IV2017021311505729";4598982;6410;"6410_mo";"Versie 3";"Binnen";50;0,365917673627072;0,182958836813536;12;13;1;92,3076923076923;0
"Cirkelplot";"IV2017021312415166";9087041;6410;"6410_ve";"Versie 2.0";"Binnen";90;3,07492932108213;2,76743638897391;10;11;1;90,9090909090909;0
"Cirkelplot";"IV2017021312415166";9087041;6410;"6410_ve";"Versie 3";"Binnen";90;3,07492932108213;2,76743638897391;10;13;2;76,9230769230769;0
"Cirkelplot";"IV2017021313300649";2898758;6410;"6410_mo";"Versie 2.0";"Binnen";64;0,365917673627072;0,234187311121326;11;11;0;100;1
"Cirkelplot";"IV2017021313300649";2898758;6410;"6410_mo";"Versie 3";"Binnen";64;0,365917673627072;0,234187311121326;12;13;1;92,3076923076923;0
"Cirkelplot";"IV2017021314354987";1022766;6230;"6230_hmo";"Versie 2.0";"Binnen";30;2,27842490061699;0,683527470185096;8;9;1;88,8888888888889;0
"Cirkelplot";"IV2017021314354987";1022766;6230;"6230_hmo";"Versie 3";"Binnen";30;2,27842490061699;0,683527470185096;9;11;2;81,8181818181818;0
"Cirkelplot";"IV2017021410455484";3016210;6410;"6410_mo";"Versie 2.0";"Buiten";100;0,729345731337661;0,729345731337661;9;11;1;81,8181818181818;0
"Cirkelplot";"IV2017021410455484";3016210;6410;"6410_mo";"Versie 3";"Buiten";100;0,729345731337661;0,729345731337661;11;13;2;84,6153846153846;0
"Cirkelplot";"IV2017021413520341";498886;6410;"6410_mo";"Versie 2.0";"Binnen";80;0,365917673627072;0,292734138901657;6;11;2;54,5454545454545;0
"Cirkelplot";"IV2017021413520341";498886;6410;"6410_mo";"Versie 3";"Binnen";80;0,365917673627072;0,292734138901657;9;13;1;69,2307692307692;0
"Cirkelplot";"IV2017021414213854";654598;6230;"6230_ha";"Versie 2.0";"Buiten";50;12,5627202244204;6,28136011221018;3;6;1;50;0
"Cirkelplot";"IV2017021414213854";654598;6230;"6230_ha";"Versie 3";"Buiten";50;12,5627202244204;6,28136011221018;6;9;1;66,6666666666667;0
"Cirkelplot";"IV2017021414444810";753630;6230;"6230_hmo";"Versie 2.0";"Binnen";90;2,27842490061699;2,05058241055529;9;9;0;100;1
"Cirkelplot";"IV2017021414444810";753630;6230;"6230_hmo";"Versie 3";"Binnen";90;2,27842490061699;2,05058241055529;10;11;1;90,9090909090909;0
"Cirkelplot";"IV2017021415415208";979286;6230;"6230_hmo";"Versie 2.0";"Binnen";100;2,27842490061699;2,27842490061699;7;9;1;77,7777777777778;0
"Cirkelplot";"IV2017021415415208";979286;6230;"6230_hmo";"Versie 3";"Binnen";100;2,27842490061699;2,27842490061699;10;11;1;90,9090909090909;0
"Cirkelplot";"IV2017021415534916";1062930;6410;"6410_mo";"Versie 2.0";"Binnen";80;0,365917673627072;0,292734138901657;8;11;1;72,7272727272727;0
"Cirkelplot";"IV2017021415534916";1062930;6410;"6410_mo";"Versie 3";"Binnen";80;0,365917673627072;0,292734138901657;12;13;1;92,3076923076923;0
"Cirkelplot";"IV2017021416061568";1346134;6410;"6410_ve";"Versie 2.0";"Buiten";100;18,8807767301322;18,8807767301322;9;11;1;81,8181818181818;0
"Cirkelplot";"IV2017021416061568";1346134;6410;"6410_ve";"Versie 3";"Buiten";100;18,8807767301322;18,8807767301322;8;13;2;61,5384615384615;0
"Cirkelplot";"IV2017021416262329";1474526;6230;"6230_hmo";"Versie 2.0";"Binnen";10;2,27842490061699;0,227842490061699;9;9;0;100;1
"Cirkelplot";"IV2017021416262329";1474526;6230;"6230_hmo";"Versie 3";"Binnen";10;2,27842490061699;0,227842490061699;11;11;0;100;1
"Cirkelplot";"IV2017021417070556";1884126;6230;"6230_hmo";"Versie 2.0";"Binnen";100;2,27842490061699;2,27842490061699;8;9;1;88,8888888888889;0
"Cirkelplot";"IV2017021417070556";1884126;6230;"6230_hmo";"Versie 3";"Binnen";100;2,27842490061699;2,27842490061699;9;11;2;81,8181818181818;0
"Cirkelplot";"IV2017021510114273";311262;6230;"6230_hn";"Versie 2.0";"Binnen";100;5,42646267659061;5,42646267659061;8;8;0;100;1
"Cirkelplot";"IV2017021510114273";311262;6230;"6230_hn";"Versie 3";"Binnen";100;5,42646267659061;5,42646267659061;9;9;0;100;1
"Cirkelplot";"IV2017021511480087";880094;7140;"7140_oli";"Versie 2.0";"Binnen";83;8,38547727868332;6,95994614130715;6;9;1;66,6666666666667;0
"Cirkelplot";"IV2017021511480087";880094;7140;"7140_oli";"Versie 3";"Binnen";83;8,38547727868332;6,95994614130715;7;10;2;70;0
"Cirkelplot";"IV2017021512174228";3777298;6410;"6410_mo";"Versie 2.0";"Binnen";80;0,365917673627072;0,292734138901657;10;11;0;90,9090909090909;1
"Cirkelplot";"IV2017021512174228";3777298;6410;"6410_mo";"Versie 3";"Binnen";80;0,365917673627072;0,292734138901657;12;13;1;92,3076923076923;0
"Cirkelplot";"IV2017021513022196";482290;7140;"7140_meso";"Versie 2.0";"Binnen";50;5,18362950735022;2,59181475367511;5;8;1;62,5;0
"Cirkelplot";"IV2017021513022196";482290;7140;"7140_meso";"Versie 3";"Binnen";50;5,18362950735022;2,59181475367511;8;12;2;66,6666666666667;0
"Cirkelplot";"IV2017021513174412";267986;7140;"7140_meso";"Versie 2.0";"Binnen";100;5,18362950735022;5,18362950735022;7;8;1;87,5;0
"Cirkelplot";"IV2017021513174412";267986;7140;"7140_meso";"Versie 3";"Binnen";100;5,18362950735022;5,18362950735022;11;12;1;91,6666666666667;0
"Cirkelplot";"IV2017021513460105";1388150;7140;"7140_meso";"Versie 2.0";"Binnen";100;5,18362950735022;5,18362950735022;5;8;1;62,5;0
"Cirkelplot";"IV2017021513460105";1388150;7140;"7140_meso";"Versie 3";"Binnen";100;5,18362950735022;5,18362950735022;10;12;1;83,3333333333333;0
"Cirkelplot";"IV2017021514080638";923346;7140;"7140_meso";"Versie 2.0";"Binnen";100;5,18362950735022;5,18362950735022;6;8;2;75;0
"Cirkelplot";"IV2017021514080638";923346;7140;"7140_meso";"Versie 3";"Binnen";100;5,18362950735022;5,18362950735022;10;12;2;83,3333333333333;0
"Cirkelplot";"IV2017021514542213";419538;7140;"7140_oli";"Versie 2.0";"Binnen";100;8,38547727868332;8,38547727868332;8;9;1;88,8888888888889;0
"Cirkelplot";"IV2017021514542213";419538;7140;"7140_oli";"Versie 3";"Binnen";100;8,38547727868332;8,38547727868332;9;10;1;90;0
"Cirkelplot";"IV2017021515123500";943826;7140;"7140_oli";"Versie 2.0";"Binnen";86;8,38547727868332;7,21151045966765;8;9;1;88,8888888888889;0
"Cirkelplot";"IV2017021515123500";943826;7140;"7140_oli";"Versie 3";"Binnen";86;8,38547727868332;7,21151045966765;8;10;2;80;0
"Cirkelplot";"IV2017021515354295";271030;7140;"7140_meso";"Versie 2.0";"Binnen";100;5,18362950735022;5,18362950735022;6;8;0;75;1
"Cirkelplot";"IV2017021515354295";271030;7140;"7140_meso";"Versie 3";"Binnen";100;5,18362950735022;5,18362950735022;9;12;1;75;0
"Cirkelplot";"IV2017021515592266";103094;7140;"7140_meso";"Versie 2.0";"Binnen";50;5,18362950735022;2,59181475367511;3;8;0;37,5;0
"Cirkelplot";"IV2017021515592266";103094;7140;"7140_meso";"Versie 3";"Binnen";50;5,18362950735022;2,59181475367511;6;12;1;50;0
"Cirkelplot";"IV2017021516164241";959958;7140;"7140_oli";"Versie 2.0";"Binnen";100;8,38547727868332;8,38547727868332;7;9;2;77,7777777777778;0
"Cirkelplot";"IV2017021516164241";959958;7140;"7140_oli";"Versie 3";"Binnen";100;8,38547727868332;8,38547727868332;7;10;3;70;0
"Cirkelplot";"IV2017021710141595";1087350;7140;"7140_meso";"Versie 2.0";"Binnen";87;5,18362950735022;4,50975767139469;4;8;1;50;0
"Cirkelplot";"IV2017021710141595";1087350;7140;"7140_meso";"Versie 3";"Binnen";87;5,18362950735022;4,50975767139469;7;12;1;58,3333333333333;0
"Cirkelplot";"IV2017021710412000";3219382;7140;"7140_meso";"Versie 2.0";"Binnen";100;5,18362950735022;5,18362950735022;6;8;2;75;0
"Cirkelplot";"IV2017021710412000";3219382;7140;"7140_meso";"Versie 3";"Binnen";100;5,18362950735022;5,18362950735022;11;12;0;91,6666666666667;1
"Cirkelplot";"IV2017021712024375";1749942;7140;"7140_meso";"Versie 2.0";"Binnen";81;5,18362950735022;4,19873990095368;6;8;1;75;0
"Cirkelplot";"IV2017021712024375";1749942;7140;"7140_meso";"Versie 3";"Binnen";81;5,18362950735022;4,19873990095368;9;12;1;75;0
"Cirkelplot";"IV2017021712211026";702674;7140;"7140_oli";"Versie 2.0";"Binnen";71;8,38547727868332;5,95368886786516;4;9;3;44,4444444444444;0
"Cirkelplot";"IV2017021712211026";702674;7140;"7140_oli";"Versie 3";"Binnen";71;8,38547727868332;5,95368886786516;6;10;3;60;0
"Cirkelplot";"IV2017021712570028";3732406;7140;"7140_meso";"Versie 2.0";"Binnen";100;5,18362950735022;5,18362950735022;7;8;0;87,5;1
"Cirkelplot";"IV2017021712570028";3732406;7140;"7140_meso";"Versie 3";"Binnen";100;5,18362950735022;5,18362950735022;12;12;0;100;1
"Cirkelplot";"IV2017021716013587";4026418;6410;"6410_mo";"Versie 2.0";"Buiten";50;0,729345731337661;0,364672865668831;7;11;1;63,6363636363636;0
"Cirkelplot";"IV2017021716013587";4026418;6410;"6410_mo";"Versie 3";"Buiten";50;0,729345731337661;0,364672865668831;8;13;3;61,5384615384615;0
"Cirkelplot";"IV2017021716250537";1635254;7140;"7140_meso";"Versie 2.0";"Binnen";100;5,18362950735022;5,18362950735022;5;8;2;62,5;0
"Cirkelplot";"IV2017021716250537";1635254;7140;"7140_meso";"Versie 3";"Binnen";100;5,18362950735022;5,18362950735022;8;12;2;66,6666666666667;0
"Cirkelplot";"IV2017021716580390";2225078;7140;"7140_meso";"Versie 2.0";"Binnen";69;5,18362950735022;3,57670436007165;6;8;1;75;0
"Cirkelplot";"IV2017021716580390";2225078;7140;"7140_meso";"Versie 3";"Binnen";69;5,18362950735022;3,57670436007165;10;12;1;83,3333333333333;0
"Cirkelplot";"IV2017022011083153";1583446;6410;"6410_mo";"Versie 2.0";"Binnen";70;0,365917673627072;0,25614237153895;7;11;1;63,6363636363636;0
"Cirkelplot";"IV2017022011083153";1583446;6410;"6410_mo";"Versie 3";"Binnen";70;0,365917673627072;0,25614237153895;10;13;2;76,9230769230769;0
"Cirkelplot";"IV2017022012400428";5783154;6410;"6410_mo";"Versie 2.0";"Binnen";30;0,365917673627072;0,109775302088122;9;11;1;81,8181818181818;0
"Cirkelplot";"IV2017022012400428";5783154;6410;"6410_mo";"Versie 3";"Binnen";30;0,365917673627072;0,109775302088122;10;13;2;76,9230769230769;0
"Cirkelplot";"IV2017022013575286";414646;6230;"6230_hn";"Versie 2.0";"Binnen";100;5,42646267659061;5,42646267659061;5;8;1;62,5;0
"Cirkelplot";"IV2017022013575286";414646;6230;"6230_hn";"Versie 3";"Binnen";100;5,42646267659061;5,42646267659061;5;9;3;55,5555555555556;0
"Cirkelplot";"IV2017022015155634";905382;6410;"6410_mo";"Versie 2.0";"Buiten";60;0,729345731337661;0,437607438802597;9;11;1;81,8181818181818;0
"Cirkelplot";"IV2017022015155634";905382;6410;"6410_mo";"Versie 3";"Buiten";60;0,729345731337661;0,437607438802597;11;13;2;84,6153846153846;0
"Cirkelplot";"IV2017022111173825";1004470;7140;"7140_meso";"Versie 2.0";"Binnen";100;5,18362950735022;5,18362950735022;6;8;1;75;0
"Cirkelplot";"IV2017022111173825";1004470;7140;"7140_meso";"Versie 3";"Binnen";100;5,18362950735022;5,18362950735022;9;12;1;75;0
"Cirkelplot";"IV2017022112283578";3008870;6410;"6410_mo";"Versie 2.0";"Buiten";95;0,729345731337661;0,692878444770778;8;11;2;72,7272727272727;0
"Cirkelplot";"IV2017022112283578";3008870;6410;"6410_mo";"Versie 3";"Buiten";95;0,729345731337661;0,692878444770778;11;13;2;84,6153846153846;0
"Cirkelplot";"IV2017022115074420";4057446;6410;"6410_mo";"Versie 2.0";"Buiten";78;0,729345731337661;0,568889670443376;6;11;2;54,5454545454545;0
"Cirkelplot";"IV2017022115074420";4057446;6410;"6410_mo";"Versie 3";"Buiten";78;0,729345731337661;0,568889670443376;10;13;2;76,9230769230769;0
"Cirkelplot";"IV2017022211082902";3741830;6410;"6410_mo";"Versie 2.0";"Binnen";74;0,365917673627072;0,270779078484033;5;11;3;45,4545454545455;0
"Cirkelplot";"IV2017022211082902";3741830;6410;"6410_mo";"Versie 3";"Binnen";74;0,365917673627072;0,270779078484033;7;13;4;53,8461538461538;0
"Cirkelplot";"IV2017022212325377";1156230;6410;"6410_mo";"Versie 2.0";"Buiten";87;0,729345731337661;0,634530786263765;9;11;2;81,8181818181818;0
"Cirkelplot";"IV2017022212325377";1156230;6410;"6410_mo";"Versie 3";"Buiten";87;0,729345731337661;0,634530786263765;9;13;3;69,2307692307692;0
"Cirkelplot";"IV2017022310474384";2160774;6410;"6410_mo";"Versie 2.0";"Binnen";55;0,365917673627072;0,201254720494889;7;11;1;63,6363636363636;0
"Cirkelplot";"IV2017022310474384";2160774;6410;"6410_mo";"Versie 3";"Binnen";55;0,365917673627072;0,201254720494889;10;13;2;76,9230769230769;0
"Cirkelplot";"IV2017022316243012";2839602;6410;"6410_mo";"Versie 2.0";"Binnen";50;0,365917673627072;0,182958836813536;9;11;1;81,8181818181818;0
"Cirkelplot";"IV2017022316243012";2839602;6410;"6410_mo";"Versie 3";"Binnen";50;0,365917673627072;0,182958836813536;11;13;2;84,6153846153846;0
"Cirkelplot";"IV2017022411275584";480306;6410;"6410_mo";"Versie 2.0";"Binnen";100;0,365917673627072;0,365917673627072;6;11;2;54,5454545454545;0
"Cirkelplot";"IV2017022411275584";480306;6410;"6410_mo";"Versie 3";"Binnen";100;0,365917673627072;0,365917673627072;9;13;2;69,2307692307692;0
"Cirkelplot";"IV2017112908192809";1036446;6230;"6230_hmo";"Versie 2.0";"Binnen";40;2,27842490061699;0,911369960246794;8;9;0;88,8888888888889;1
"Cirkelplot";"IV2017112908192809";1036446;6230;"6230_hmo";"Versie 3";"Binnen";40;2,27842490061699;0,911369960246794;11;11;0;100;1
"Cirkelplot";"IV2017112912245580";823129;6230;"6230_hmo";"Versie 2.0";"Binnen";74;2,27842490061699;1,68603442645657;4;9;2;44,4444444444444;0
"Cirkelplot";"IV2017112912245580";823129;6230;"6230_hmo";"Versie 3";"Binnen";74;2,27842490061699;1,68603442645657;6;11;3;54,5454545454545;0
"Cirkelplot";"IV2017112913404044";1428270;6230;"6230_hn";"Versie 2.0";"Buiten";47;9,17159716811805;4,31065066901548;7;8;1;87,5;0
"Cirkelplot";"IV2017112913404044";1428270;6230;"6230_hn";"Versie 3";"Buiten";47;9,17159716811805;4,31065066901548;9;9;0;100;1
"Cirkelplot";"IV2017112915064012";1642233;6410;"6410_mo";"Versie 2.0";"Binnen";100;0,365917673627072;0,365917673627072;10;11;0;90,9090909090909;1
"Cirkelplot";"IV2017112915064012";1642233;6410;"6410_mo";"Versie 3";"Binnen";100;0,365917673627072;0,365917673627072;11;13;1;84,6153846153846;0
"Cirkelplot";"IV2017113008452613";6645958;6410;"6410_mo";"Versie 2.0";"Binnen";60;0,365917673627072;0,219550604176243;8;11;0;72,7272727272727;1
"Cirkelplot";"IV2017113008452613";6645958;6410;"6410_mo";"Versie 3";"Binnen";60;0,365917673627072;0,219550604176243;10;13;1;76,9230769230769;0
"Cirkelplot";"IV2017113010285455";6194105;6410;"6410_mo";"Versie 2.0";"Buiten";64;0,729345731337661;0,466781268056103;9;11;0;81,8181818181818;1
"Cirkelplot";"IV2017113010285455";6194105;6410;"6410_mo";"Versie 3";"Buiten";64;0,729345731337661;0,466781268056103;11;13;1;84,6153846153846;0
"Cirkelplot";"IV2017120107565546";1348277;1330;"1330_hpr";"Versie 2.0";"Binnen";71;6,62466184943237;4,70350991309699;6;6;0;100;1
"Cirkelplot";"IV2017120107565546";1348277;1330;"1330_hpr";"Versie 3";"Binnen";71;6,62466184943237;4,70350991309699;5;6;0;83,3333333333333;1
"Cirkelplot";"IV2017120108515000";299701;1330;"1330_hpr";"Versie 2.0";"Binnen";95;6,62466184943237;6,29342875696076;6;6;0;100;1
"Cirkelplot";"IV2017120108515000";299701;1330;"1330_hpr";"Versie 3";"Binnen";95;6,62466184943237;6,29342875696076;6;6;0;100;1
"Cirkelplot";"IV2017120109300668";1403657;1330;"1330_hpr";"Versie 2.0";"Binnen";39;6,62466184943237;2,58361812127863;5;6;0;83,3333333333333;1
"Cirkelplot";"IV2017120109300668";1403657;1330;"1330_hpr";"Versie 3";"Binnen";39;6,62466184943237;2,58361812127863;5;6;0;83,3333333333333;1
"Cirkelplot";"IV2017120111214650";4599942;6410;"6410_ve";"Versie 2.0";"Binnen";100;3,07492932108213;3,07492932108213;9;11;1;81,8181818181818;0
"Cirkelplot";"IV2017120111214650";4599942;6410;"6410_ve";"Versie 3";"Binnen";100;3,07492932108213;3,07492932108213;8;13;3;61,5384615384615;0
"Cirkelplot";"IV2017120111560343";2334854;6230;"6230_hmo";"Versie 2.0";"Binnen";79;2,27842490061699;1,79995567148742;7;9;0;77,7777777777778;1
"Cirkelplot";"IV2017120111560343";2334854;6230;"6230_hmo";"Versie 3";"Binnen";79;2,27842490061699;1,79995567148742;11;11;0;100;1
"Cirkelplot";"IV2017120112213868";1040518;6230;"6230_hn";"Versie 2.0";"Binnen";73;5,42646267659061;3,96131775391115;7;8;1;87,5;0
"Cirkelplot";"IV2017120112213868";1040518;6230;"6230_hn";"Versie 3";"Binnen";73;5,42646267659061;3,96131775391115;9;9;0;100;1
"Cirkelplot";"IV2017120113271520";2813697;6230;"6230_hn";"Versie 2.0";"Binnen";45;5,42646267659061;2,44190820446578;6;8;1;75;0
"Cirkelplot";"IV2017120113271520";2813697;6230;"6230_hn";"Versie 3";"Binnen";45;5,42646267659061;2,44190820446578;8;9;0;88,8888888888889;1
"Cirkelplot";"IV2017120114521398";8158406;6410;"6410_mo";"Versie 2.0";"Binnen";60;0,365917673627072;0,219550604176243;11;11;0;100;1
"Cirkelplot";"IV2017120114521398";8158406;6410;"6410_mo";"Versie 3";"Binnen";60;0,365917673627072;0,219550604176243;12;13;1;92,3076923076923;0
"Cirkelplot";"IV2017120117561385";8121542;6410;"6410_mo";"Versie 2.0";"Binnen";90;0,365917673627072;0,329325906264365;11;11;0;100;1
"Cirkelplot";"IV2017120117561385";8121542;6410;"6410_mo";"Versie 3";"Binnen";90;0,365917673627072;0,329325906264365;13;13;0;100;1
"Cirkelplot";"IV2017120118342938";7072966;6410;"6410_mo";"Versie 2.0";"Binnen";50;0,365917673627072;0,182958836813536;11;11;0;100;1
"Cirkelplot";"IV2017120118342938";7072966;6410;"6410_mo";"Versie 3";"Binnen";50;0,365917673627072;0,182958836813536;12;13;1;92,3076923076923;0
"Cirkelplot";"IV2018022813474152";1443378;6230;"6230_hn";"Versie 2.0";"Buiten";53;9,17159716811805;4,86094649910257;7;8;1;87,5;0
"Cirkelplot";"IV2018022813474152";1443378;6230;"6230_hn";"Versie 3";"Buiten";53;9,17159716811805;4,86094649910257;8;9;1;88,8888888888889;0
"Cirkelplot";"IV2018030221003731";332786;6230;"6230_hn";"Versie 2.0";"Buiten";47;9,17159716811805;4,31065066901548;7;8;1;87,5;0
"Cirkelplot";"IV2018030221003731";332786;6230;"6230_hn";"Versie 3";"Buiten";47;9,17159716811805;4,31065066901548;9;9;0;100;1
"Cirkelplot";"IV2018030414484080";1085366;6230;"6230_hn";"Versie 2.0";"Binnen";62;5,42646267659061;3,36440685948618;8;8;0;100;1
"Cirkelplot";"IV2018030414484080";1085366;6230;"6230_hn";"Versie 3";"Binnen";62;5,42646267659061;3,36440685948618;9;9;0;100;1
"Cirkelplot";"IV2018030416111323";983990;6230;"6230_hn";"Versie 2.0";"Binnen";100;5,42646267659061;5,42646267659061;8;8;0;100;1
"Cirkelplot";"IV2018030416111323";983990;6230;"6230_hn";"Versie 3";"Binnen";100;5,42646267659061;5,42646267659061;9;9;0;100;1
"Cirkelplot";"IV2018030417514439";309458;6230;"6230_hmo";"Versie 2.0";"Binnen";90;2,27842490061699;2,05058241055529;8;9;0;88,8888888888889;1
"Cirkelplot";"IV2018030417514439";309458;6230;"6230_hmo";"Versie 3";"Binnen";90;2,27842490061699;2,05058241055529;9;11;1;81,8181818181818;0
"Cirkelplot";"IV2018030511543075";2133926;6230;"6230_hmo";"Versie 2.0";"Binnen";50;2,27842490061699;1,13921245030849;8;9;1;88,8888888888889;0
"Cirkelplot";"IV2018030511543075";2133926;6230;"6230_hmo";"Versie 3";"Binnen";50;2,27842490061699;1,13921245030849;9;11;2;81,8181818181818;0
"Cirkelplot";"IV2018030513285216";2264998;6230;"6230_hmo";"Versie 2.0";"Binnen";100;2,27842490061699;2,27842490061699;9;9;0;100;1
"Cirkelplot";"IV2018030513285216";2264998;6230;"6230_hmo";"Versie 3";"Binnen";100;2,27842490061699;2,27842490061699;9;11;2;81,8181818181818;0
"Cirkelplot";"IV2018030514502970";3734950;6230;"6230_hn";"Versie 2.0";"Buiten";83;9,17159716811805;7,61242564953798;7;8;1;87,5;0
"Cirkelplot";"IV2018030514502970";3734950;6230;"6230_hn";"Versie 3";"Buiten";83;9,17159716811805;7,61242564953798;9;9;0;100;1
"Cirkelplot";"IV2018030614095561";7203174;6410;"6410_mo";"Versie 2.0";"Buiten";100;0,729345731337661;0,729345731337661;8;11;0;72,7272727272727;1
"Cirkelplot";"IV2018030614095561";7203174;6410;"6410_mo";"Versie 3";"Buiten";100;0,729345731337661;0,729345731337661;12;13;0;92,3076923076923;1
"Cirkelplot";"IV2018030711143521";5624882;6410;"6410_ve";"Versie 2.0";"Binnen";50;3,07492932108213;1,53746466054106;9;11;1;81,8181818181818;0
"Cirkelplot";"IV2018030711143521";5624882;6410;"6410_ve";"Versie 3";"Binnen";50;3,07492932108213;1,53746466054106;9;13;1;69,2307692307692;0
"Cirkelplot";"IV2018030712002428";589698;6230;"6230_hnk";"Versie 2.0";"Binnen";50;3,4240125715217;1,71200628576085;7;9;0;77,7777777777778;1
"Cirkelplot";"IV2018030712002428";589698;6230;"6230_hnk";"Versie 3";"Binnen";50;3,4240125715217;1,71200628576085;8;9;1;88,8888888888889;0
"Cirkelplot";"IV2018030714024007";6948370;6410;"6410_mo";"Versie 2.0";"Buiten";100;0,729345731337661;0,729345731337661;9;11;1;81,8181818181818;0
"Cirkelplot";"IV2018030714024007";6948370;6410;"6410_mo";"Versie 3";"Buiten";100;0,729345731337661;0,729345731337661;11;13;2;84,6153846153846;0
"Cirkelplot";"IV2018030715412818";783954;6230;"6230_ha";"Versie 2.0";"Binnen";28;9,00623917481993;2,52174696894958;3;6;0;50;0
"Cirkelplot";"IV2018030715412818";783954;6230;"6230_ha";"Versie 3";"Binnen";28;9,00623917481993;2,52174696894958;6;9;1;66,6666666666667;0
"Cirkelplot";"IV2018030719161925";1140434;7140;"7140_meso";"Versie 2.0";"Binnen";80;5,18362950735022;4,14690360588017;7;8;0;87,5;1
"Cirkelplot";"IV2018030719161925";1140434;7140;"7140_meso";"Versie 3";"Binnen";80;5,18362950735022;4,14690360588017;10;12;0;83,3333333333333;1
"Cirkelplot";"IV2018030719311738";1468114;7140;"7140_oli";"Versie 2.0";"Binnen";70;8,38547727868332;5,86983409507832;8;9;1;88,8888888888889;0
"Cirkelplot";"IV2018030719311738";1468114;7140;"7140_oli";"Versie 3";"Binnen";70;8,38547727868332;5,86983409507832;8;10;2;80;0
"Cirkelplot";"IV2018031009120638";1367026;7140;"7140_oli";"Versie 2.0";"Binnen";50;8,38547727868332;4,19273863934166;5;9;2;55,5555555555556;0
"Cirkelplot";"IV2018031009120638";1367026;7140;"7140_oli";"Versie 3";"Binnen";50;8,38547727868332;4,19273863934166;7;10;2;70;0
"Cirkelplot";"IV2018031010111411";222518;7140;"7140_meso";"Versie 2.0";"Binnen";100;5,18362950735022;5,18362950735022;5;8;0;62,5;1
"Cirkelplot";"IV2018031010111411";222518;7140;"7140_meso";"Versie 3";"Binnen";100;5,18362950735022;5,18362950735022;8;12;1;66,6666666666667;0
"Cirkelplot";"IV2018031015311631";1576886;7140;"7140_oli";"Versie 2.0";"Binnen";100;8,38547727868332;8,38547727868332;5;9;2;55,5555555555556;0
"Cirkelplot";"IV2018031015311631";1576886;7140;"7140_oli";"Versie 3";"Binnen";100;8,38547727868332;8,38547727868332;7;10;2;70;0
"Cirkelplot";"IV2018031108343898";471990;7140;"7140_meso";"Versie 2.0";"Binnen";100;5,18362950735022;5,18362950735022;6;8;1;75;0
"Cirkelplot";"IV2018031108343898";471990;7140;"7140_meso";"Versie 3";"Binnen";100;5,18362950735022;5,18362950735022;9;12;1;75;0
"Cirkelplot";"IV2018031112563585";369974;7140;"7140_meso";"Versie 2.0";"Binnen";100;5,18362950735022;5,18362950735022;5;8;0;62,5;1
"Cirkelplot";"IV2018031112563585";369974;7140;"7140_meso";"Versie 3";"Binnen";100;5,18362950735022;5,18362950735022;8;12;1;66,6666666666667;0
"Cirkelplot";"IV2018031113221134";717750;7140;"7140_oli";"Versie 2.0";"Binnen";100;8,38547727868332;8,38547727868332;7;9;1;77,7777777777778;0
"Cirkelplot";"IV2018031113221134";717750;7140;"7140_oli";"Versie 3";"Binnen";100;8,38547727868332;8,38547727868332;8;10;2;80;0
"Cirkelplot";"IV2018082407540429";6102322;6410;"6410_ve";"Versie 2.0";"Binnen";90;3,07492932108213;2,76743638897391;9;11;2;81,8181818181818;0
"Cirkelplot";"IV2018082407540429";6102322;6410;"6410_ve";"Versie 3";"Binnen";90;3,07492932108213;2,76743638897391;9;13;2;69,2307692307692;0
"Vegetatieplot";"IV2017010511152189";842030;6230;"6230_hn";"Versie 2.0";"Binnen";100;5,42646267659061;5,42646267659061;6;8;0;75;1
"Vegetatieplot";"IV2017010511152189";842030;6230;"6230_hn";"Versie 3";"Binnen";100;5,42646267659061;5,42646267659061;7;9;0;77,7777777777778;1
"Vegetatieplot";"IV2017010512181008";530734;6230;"6230_hn";"Versie 2.0";"Binnen";100;5,42646267659061;5,42646267659061;5;8;1;62,5;0
"Vegetatieplot";"IV2017010512181008";530734;6230;"6230_hn";"Versie 3";"Binnen";100;5,42646267659061;5,42646267659061;6;9;1;66,6666666666667;0
"Vegetatieplot";"IV2017010609352959";908981;1330;"1330_hpr";"Versie 2.0";"Binnen";100;6,62466184943237;6,62466184943237;6;6;0;100;1
"Vegetatieplot";"IV2017010609352959";908981;1330;"1330_hpr";"Versie 3";"Binnen";100;6,62466184943237;6,62466184943237;6;6;0;100;1
"Vegetatieplot";"IV2017010612064228";455349;1330;"1330_hpr";"Versie 2.0";"Binnen";100;6,62466184943237;6,62466184943237;6;6;0;100;1
"Vegetatieplot";"IV2017010612064228";455349;1330;"1330_hpr";"Versie 3";"Binnen";100;6,62466184943237;6,62466184943237;6;6;0;100;1
"Vegetatieplot";"IV2017010612593713";996353;1330;"1330_hpr";"Versie 2.0";"Binnen";100;6,62466184943237;6,62466184943237;6;6;0;100;1
"Vegetatieplot";"IV2017010612593713";996353;1330;"1330_hpr";"Versie 3";"Binnen";100;6,62466184943237;6,62466184943237;6;6;0;100;1
"Vegetatieplot";"IV2017010613221989";423762;6230;"6230_ha";"Versie 2.0";"Binnen";100;9,00623917481993;9,00623917481993;3;6;0;50;0
"Vegetatieplot";"IV2017010613221989";423762;6230;"6230_ha";"Versie 3";"Binnen";100;9,00623917481993;9,00623917481993;8;9;0;88,8888888888889;1
"Vegetatieplot";"IV2017010613424129";472065;1330;"1330_hpr";"Versie 2.0";"Binnen";100;6,62466184943237;6,62466184943237;5;6;0;83,3333333333333;1
"Vegetatieplot";"IV2017010613424129";472065;1330;"1330_hpr";"Versie 3";"Binnen";100;6,62466184943237;6,62466184943237;5;6;0;83,3333333333333;1
"Vegetatieplot";"IV2017010616415877";1117877;1330;"1330_hpr";"Versie 2.0";"Binnen";100;6,62466184943237;6,62466184943237;6;6;0;100;1
"Vegetatieplot";"IV2017010616415877";1117877;1330;"1330_hpr";"Versie 3";"Binnen";100;6,62466184943237;6,62466184943237;6;6;0;100;1
"Vegetatieplot";"IV2017010617191621";736949;1330;"1330_hpr";"Versie 2.0";"Binnen";100;6,62466184943237;6,62466184943237;6;6;0;100;1
"Vegetatieplot";"IV2017010617191621";736949;1330;"1330_hpr";"Versie 3";"Binnen";100;6,62466184943237;6,62466184943237;6;6;0;100;1
"Vegetatieplot";"IV2017010617362713";212661;1330;"1330_hpr";"Versie 2.0";"Binnen";100;6,62466184943237;6,62466184943237;6;6;0;100;1
"Vegetatieplot";"IV2017010617362713";212661;1330;"1330_hpr";"Versie 3";"Binnen";100;6,62466184943237;6,62466184943237;6;6;0;100;1
"Vegetatieplot";"IV2017010617551993";19510;6230;"6230_hn";"Versie 2.0";"Buiten";100;9,17159716811805;9,17159716811805;7;8;0;87,5;1
"Vegetatieplot";"IV2017010617551993";19510;6230;"6230_hn";"Versie 3";"Buiten";100;9,17159716811805;9,17159716811805;9;9;0;100;1
"Vegetatieplot";"IV2017010618013747";801793;1330;"1330_hpr";"Versie 2.0";"Binnen";100;6,62466184943237;6,62466184943237;6;6;0;100;1
"Vegetatieplot";"IV2017010618013747";801793;1330;"1330_hpr";"Versie 3";"Binnen";100;6,62466184943237;6,62466184943237;5;6;0;83,3333333333333;1
"Vegetatieplot";"IV2017010618211064";540341;1330;"1330_hpr";"Versie 2.0";"Binnen";100;6,62466184943237;6,62466184943237;6;6;0;100;1
"Vegetatieplot";"IV2017010618211064";540341;1330;"1330_hpr";"Versie 3";"Binnen";100;6,62466184943237;6,62466184943237;6;6;0;100;1
"Vegetatieplot";"IV2017010911343112";2438198;6230;"6230_hmo";"Versie 2.0";"Binnen";100;2,27842490061699;2,27842490061699;7;9;2;77,7777777777778;0
"Vegetatieplot";"IV2017010911343112";2438198;6230;"6230_hmo";"Versie 3";"Binnen";100;2,27842490061699;2,27842490061699;8;11;3;72,7272727272727;0
"Vegetatieplot";"IV2017010916362743";17475649;6410;"6410_ve";"Versie 2.0";"Binnen";100;3,07492932108213;3,07492932108213;10;11;0;90,9090909090909;1
"Vegetatieplot";"IV2017010916362743";17475649;6410;"6410_ve";"Versie 3";"Binnen";100;3,07492932108213;3,07492932108213;11;13;0;84,6153846153846;1
"Vegetatieplot";"IV2017010922225486";2664513;6410;"6410_ve";"Versie 2.0";"Binnen";100;3,07492932108213;3,07492932108213;9;11;0;81,8181818181818;1
"Vegetatieplot";"IV2017010922225486";2664513;6410;"6410_ve";"Versie 3";"Binnen";100;3,07492932108213;3,07492932108213;10;13;1;76,9230769230769;0
"Vegetatieplot";"IV2017011214394174";437685;1330;"1330_hpr";"Versie 2.0";"Binnen";50;6,62466184943237;3,31233092471619;6;6;0;100;1
"Vegetatieplot";"IV2017011214394174";437685;1330;"1330_hpr";"Versie 3";"Binnen";50;6,62466184943237;3,31233092471619;5;6;0;83,3333333333333;1
"Vegetatieplot";"IV2017011215122813";323154;6230;"6230_hn";"Versie 2.0";"Buiten";100;9,17159716811805;9,17159716811805;5;8;0;62,5;1
"Vegetatieplot";"IV2017011215122813";323154;6230;"6230_hn";"Versie 3";"Buiten";100;9,17159716811805;9,17159716811805;6;9;0;66,6666666666667;1
"Vegetatieplot";"IV2017011215184680";37557;1330;"1330_hpr";"Versie 2.0";"Binnen";100;6,62466184943237;6,62466184943237;6;6;0;100;1
"Vegetatieplot";"IV2017011215184680";37557;1330;"1330_hpr";"Versie 3";"Binnen";100;6,62466184943237;6,62466184943237;6;6;0;100;1
"Vegetatieplot";"IV2017011215475751";798133;1330;"1330_hpr";"Versie 2.0";"Binnen";100;6,62466184943237;6,62466184943237;5;6;0;83,3333333333333;1
"Vegetatieplot";"IV2017011215475751";798133;1330;"1330_hpr";"Versie 3";"Binnen";100;6,62466184943237;6,62466184943237;4;6;0;66,6666666666667;1
"Vegetatieplot";"IV2017011216070022";695297;1330;"1330_hpr";"Versie 2.0";"Binnen";100;6,62466184943237;6,62466184943237;6;6;0;100;1
"Vegetatieplot";"IV2017011216070022";695297;1330;"1330_hpr";"Versie 3";"Binnen";100;6,62466184943237;6,62466184943237;6;6;0;100;1
"Vegetatieplot";"IV2017011812094287";781906;6230;"6230_hn";"Versie 2.0";"Binnen";100;5,42646267659061;5,42646267659061;8;8;0;100;1
"Vegetatieplot";"IV2017011812094287";781906;6230;"6230_hn";"Versie 3";"Binnen";100;5,42646267659061;5,42646267659061;9;9;0;100;1
"Vegetatieplot";"IV2017011813535331";721906;6230;"6230_ha";"Versie 2.0";"Binnen";100;9,00623917481993;9,00623917481993;5;6;0;83,3333333333333;1
"Vegetatieplot";"IV2017011813535331";721906;6230;"6230_ha";"Versie 3";"Binnen";100;9,00623917481993;9,00623917481993;9;9;0;100;1
"Vegetatieplot";"IV2017011816230130";540658;6230;"6230_hn";"Versie 2.0";"Binnen";100;5,42646267659061;5,42646267659061;6;8;1;75;0
"Vegetatieplot";"IV2017011816230130";540658;6230;"6230_hn";"Versie 3";"Binnen";100;5,42646267659061;5,42646267659061;9;9;0;100;1
"Vegetatieplot";"IV2017011817212208";1436882;6230;"6230_hmo";"Versie 2.0";"Binnen";50;2,27842490061699;1,13921245030849;9;9;0;100;1
"Vegetatieplot";"IV2017011817212208";1436882;6230;"6230_hmo";"Versie 3";"Binnen";50;2,27842490061699;1,13921245030849;10;11;1;90,9090909090909;0
"Vegetatieplot";"IV2017011916185487";2133734;6230;"6230_hmo";"Versie 2.0";"Buiten";100;2,92792882668883;2,92792882668883;7;9;0;77,7777777777778;1
"Vegetatieplot";"IV2017011916185487";2133734;6230;"6230_hmo";"Versie 3";"Buiten";100;2,92792882668883;2,92792882668883;8;11;1;72,7272727272727;0
"Vegetatieplot";"IV2017011919322195";583378;6230;"6230_ha";"Versie 2.0";"Binnen";100;9,00623917481993;9,00623917481993;3;6;1;50;0
"Vegetatieplot";"IV2017011919322195";583378;6230;"6230_ha";"Versie 3";"Binnen";100;9,00623917481993;9,00623917481993;6;9;1;66,6666666666667;0
"Vegetatieplot";"IV2017012011231757";201006;6230;"6230_hn";"Versie 2.0";"Binnen";100;5,42646267659061;5,42646267659061;5;8;1;62,5;0
"Vegetatieplot";"IV2017012011231757";201006;6230;"6230_hn";"Versie 3";"Binnen";100;5,42646267659061;5,42646267659061;7;9;0;77,7777777777778;1
"Vegetatieplot";"IV2017012012433410";379094;6230;"6230_ha";"Versie 2.0";"Binnen";100;9,00623917481993;9,00623917481993;4;6;0;66,6666666666667;1
"Vegetatieplot";"IV2017012012433410";379094;6230;"6230_ha";"Versie 3";"Binnen";100;9,00623917481993;9,00623917481993;7;9;0;77,7777777777778;1
"Vegetatieplot";"IV2017012013095674";116950;6230;"6230_ha";"Versie 2.0";"Binnen";100;9,00623917481993;9,00623917481993;4;6;0;66,6666666666667;1
"Vegetatieplot";"IV2017012013095674";116950;6230;"6230_ha";"Versie 3";"Binnen";100;9,00623917481993;9,00623917481993;7;9;0;77,7777777777778;1
"Vegetatieplot";"IV2017012013585970";641238;6230;"6230_ha";"Versie 2.0";"Binnen";100;9,00623917481993;9,00623917481993;4;6;0;66,6666666666667;1
"Vegetatieplot";"IV2017012013585970";641238;6230;"6230_ha";"Versie 3";"Binnen";100;9,00623917481993;9,00623917481993;8;9;0;88,8888888888889;1
"Vegetatieplot";"IV2017012016215306";315329;6230;"6230_ha";"Versie 2.0";"Buiten";100;12,5627202244204;12,5627202244204;3;6;1;50;0
"Vegetatieplot";"IV2017012016215306";315329;6230;"6230_ha";"Versie 3";"Buiten";100;12,5627202244204;12,5627202244204;6;9;1;66,6666666666667;0
"Vegetatieplot";"IV2017012016550624";300649;6230;"6230_hmo";"Versie 2.0";"Binnen";100;2,27842490061699;2,27842490061699;6;9;1;66,6666666666667;0
"Vegetatieplot";"IV2017012016550624";300649;6230;"6230_hmo";"Versie 3";"Binnen";100;2,27842490061699;2,27842490061699;8;11;1;72,7272727272727;0
"Vegetatieplot";"IV2017012017312649";576302;6230;"6230_hn";"Versie 2.0";"Binnen";100;5,42646267659061;5,42646267659061;4;8;1;50;0
"Vegetatieplot";"IV2017012017312649";576302;6230;"6230_hn";"Versie 3";"Binnen";100;5,42646267659061;5,42646267659061;8;9;0;88,8888888888889;1
"Vegetatieplot";"IV2017012312531726";745170;6230;"6230_ha";"Versie 2.0";"Binnen";100;9,00623917481993;9,00623917481993;4;6;0;66,6666666666667;1
"Vegetatieplot";"IV2017012312531726";745170;6230;"6230_ha";"Versie 3";"Binnen";100;9,00623917481993;9,00623917481993;8;9;1;88,8888888888889;0
"Vegetatieplot";"IV2017012521104081";141010;6230;"6230_ha";"Versie 2.0";"Binnen";100;9,00623917481993;9,00623917481993;4;6;0;66,6666666666667;1
"Vegetatieplot";"IV2017012521104081";141010;6230;"6230_ha";"Versie 3";"Binnen";100;9,00623917481993;9,00623917481993;6;9;1;66,6666666666667;0
"Vegetatieplot";"IV2017012522232265";59090;6230;"6230_ha";"Versie 2.0";"Binnen";100;9,00623917481993;9,00623917481993;2;6;1;33,3333333333333;0
"Vegetatieplot";"IV2017012522232265";59090;6230;"6230_ha";"Versie 3";"Binnen";100;9,00623917481993;9,00623917481993;5;9;1;55,5555555555556;0
"Vegetatieplot";"IV2017012611360478";220882;6230;"6230_ha";"Versie 2.0";"Binnen";100;9,00623917481993;9,00623917481993;3;6;1;50;0
"Vegetatieplot";"IV2017012611360478";220882;6230;"6230_ha";"Versie 3";"Binnen";100;9,00623917481993;9,00623917481993;6;9;1;66,6666666666667;0
"Vegetatieplot";"IV2017012613110316";696182;7140;"7140_meso";"Versie 2.0";"Binnen";100;5,18362950735022;5,18362950735022;3;8;1;37,5;0
"Vegetatieplot";"IV2017012613110316";696182;7140;"7140_meso";"Versie 3";"Binnen";100;5,18362950735022;5,18362950735022;7;12;1;58,3333333333333;0
"Vegetatieplot";"IV2017012613170767";89810;6230;"6230_ha";"Versie 2.0";"Binnen";100;9,00623917481993;9,00623917481993;3;6;1;50;0
"Vegetatieplot";"IV2017012613170767";89810;6230;"6230_ha";"Versie 3";"Binnen";100;9,00623917481993;9,00623917481993;6;9;1;66,6666666666667;0
"Vegetatieplot";"IV2017012613530004";648914;6230;"6230_ha";"Versie 2.0";"Binnen";100;9,00623917481993;9,00623917481993;3;6;1;50;0
"Vegetatieplot";"IV2017012613530004";648914;6230;"6230_ha";"Versie 3";"Binnen";100;9,00623917481993;9,00623917481993;6;9;1;66,6666666666667;0
"Vegetatieplot";"IV2017012620054742";1150886;6230;"6230_hmo";"Versie 2.0";"Binnen";100;2,27842490061699;2,27842490061699;7;9;0;77,7777777777778;1
"Vegetatieplot";"IV2017012620054742";1150886;6230;"6230_hmo";"Versie 3";"Binnen";100;2,27842490061699;2,27842490061699;8;11;1;72,7272727272727;0
"Vegetatieplot";"IV2017012620573892";1216422;6230;"6230_hmo";"Versie 2.0";"Binnen";100;2,27842490061699;2,27842490061699;8;9;0;88,8888888888889;1
"Vegetatieplot";"IV2017012620573892";1216422;6230;"6230_hmo";"Versie 3";"Binnen";100;2,27842490061699;2,27842490061699;10;11;0;90,9090909090909;1
"Vegetatieplot";"IV2017012709294069";1566033;6230;"6230_hmo";"Versie 2.0";"Binnen";100;2,27842490061699;2,27842490061699;6;9;1;66,6666666666667;0
"Vegetatieplot";"IV2017012709294069";1566033;6230;"6230_hmo";"Versie 3";"Binnen";100;2,27842490061699;2,27842490061699;8;11;1;72,7272727272727;0
"Vegetatieplot";"IV2017012710254898";207406;6230;"6230_hmo";"Versie 2.0";"Binnen";100;2,27842490061699;2,27842490061699;6;9;1;66,6666666666667;0
"Vegetatieplot";"IV2017012710254898";207406;6230;"6230_hmo";"Versie 3";"Binnen";100;2,27842490061699;2,27842490061699;7;11;2;63,6363636363636;0
"Vegetatieplot";"IV2017012711193298";23086;7140;"7140_oli";"Versie 2.0";"Binnen";100;8,38547727868332;8,38547727868332;9;9;0;100;1
"Vegetatieplot";"IV2017012711193298";23086;7140;"7140_oli";"Versie 3";"Binnen";100;8,38547727868332;8,38547727868332;10;10;0;100;1
"Vegetatieplot";"IV2017012711431363";743982;6230;"6230_hmo";"Versie 2.0";"Binnen";100;2,27842490061699;2,27842490061699;9;9;0;100;1
"Vegetatieplot";"IV2017012711431363";743982;6230;"6230_hmo";"Versie 3";"Binnen";100;2,27842490061699;2,27842490061699;11;11;0;100;1
"Vegetatieplot";"IV2017012713022515";58433;6230;"6230_hn";"Versie 2.0";"Binnen";75;5,42646267659061;4,06984700744296;7;8;0;87,5;1
"Vegetatieplot";"IV2017012713022515";58433;6230;"6230_hn";"Versie 3";"Binnen";75;5,42646267659061;4,06984700744296;8;9;0;88,8888888888889;1
"Vegetatieplot";"IV2017012714021766";1436718;6230;"6230_hmo";"Versie 2.0";"Binnen";100;2,27842490061699;2,27842490061699;7;9;0;77,7777777777778;1
"Vegetatieplot";"IV2017012714021766";1436718;6230;"6230_hmo";"Versie 3";"Binnen";100;2,27842490061699;2,27842490061699;9;11;1;81,8181818181818;0
"Vegetatieplot";"IV2017012715472176";4390190;6410;"6410_ve";"Versie 2.0";"Binnen";100;3,07492932108213;3,07492932108213;8;11;1;72,7272727272727;0
"Vegetatieplot";"IV2017012715472176";4390190;6410;"6410_ve";"Versie 3";"Binnen";100;3,07492932108213;3,07492932108213;8;13;2;61,5384615384615;0
"Vegetatieplot";"IV2017012716564741";2760937;6410;"6410_ve";"Versie 2.0";"Binnen";100;3,07492932108213;3,07492932108213;6;11;2;54,5454545454545;0
"Vegetatieplot";"IV2017012716564741";2760937;6410;"6410_ve";"Versie 3";"Binnen";100;3,07492932108213;3,07492932108213;9;13;1;69,2307692307692;0
"Vegetatieplot";"IV2017013011141972";857298;6230;"6230_hn";"Versie 2.0";"Binnen";100;5,42646267659061;5,42646267659061;8;8;0;100;1
"Vegetatieplot";"IV2017013011141972";857298;6230;"6230_hn";"Versie 3";"Binnen";100;5,42646267659061;5,42646267659061;9;9;0;100;1
"Vegetatieplot";"IV2017013012265239";627922;6230;"6230_hn";"Versie 2.0";"Binnen";100;5,42646267659061;5,42646267659061;8;8;0;100;1
"Vegetatieplot";"IV2017013012265239";627922;6230;"6230_hn";"Versie 3";"Binnen";100;5,42646267659061;5,42646267659061;9;9;0;100;1
"Vegetatieplot";"IV2017013013143717";87250;6230;"6230_hn";"Versie 2.0";"Binnen";100;5,42646267659061;5,42646267659061;7;8;0;87,5;1
"Vegetatieplot";"IV2017013013143717";87250;6230;"6230_hn";"Versie 3";"Binnen";100;5,42646267659061;5,42646267659061;9;9;0;100;1
"Vegetatieplot";"IV2017013015085454";1115122;6230;"6230_hn";"Versie 2.0";"Buiten";100;9,17159716811805;9,17159716811805;7;8;1;87,5;0
"Vegetatieplot";"IV2017013015085454";1115122;6230;"6230_hn";"Versie 3";"Buiten";100;9,17159716811805;9,17159716811805;8;9;1;88,8888888888889;0
"Vegetatieplot";"IV2017013016040477";619506;6230;"6230_ha";"Versie 2.0";"Buiten";100;12,5627202244204;12,5627202244204;3;6;1;50;0
"Vegetatieplot";"IV2017013016040477";619506;6230;"6230_ha";"Versie 3";"Buiten";100;12,5627202244204;12,5627202244204;5;9;2;55,5555555555556;0
"Vegetatieplot";"IV2017020111393906";340978;6230;"6230_hn";"Versie 2.0";"Buiten";100;9,17159716811805;9,17159716811805;6;8;1;75;0
"Vegetatieplot";"IV2017020111393906";340978;6230;"6230_hn";"Versie 3";"Buiten";100;9,17159716811805;9,17159716811805;7;9;1;77,7777777777778;0
"Vegetatieplot";"IV2017020120160542";1711014;6230;"6230_ha";"Versie 2.0";"Binnen";30;9,00623917481993;2,70187175244598;5;6;0;83,3333333333333;1
"Vegetatieplot";"IV2017020120160542";1711014;6230;"6230_ha";"Versie 3";"Binnen";30;9,00623917481993;2,70187175244598;8;9;0;88,8888888888889;1
"Vegetatieplot";"IV2017020121221303";3276198;6230;"6230_hmo";"Versie 2.0";"Buiten";50;2,92792882668883;1,46396441334442;8;9;0;88,8888888888889;1
"Vegetatieplot";"IV2017020121221303";3276198;6230;"6230_hmo";"Versie 3";"Buiten";50;2,92792882668883;1,46396441334442;11;11;0;100;1
"Vegetatieplot";"IV2017020211373000";487606;6230;"6230_hmo";"Versie 2.0";"Buiten";100;2,92792882668883;2,92792882668883;7;9;0;77,7777777777778;1
"Vegetatieplot";"IV2017020211373000";487606;6230;"6230_hmo";"Versie 3";"Buiten";100;2,92792882668883;2,92792882668883;10;11;0;90,9090909090909;1
"Vegetatieplot";"IV2017020308555607";2173889;6410;"6410_mo";"Versie 2.0";"Binnen";100;0,365917673627072;0,365917673627072;9;11;0;81,8181818181818;1
"Vegetatieplot";"IV2017020308555607";2173889;6410;"6410_mo";"Versie 3";"Binnen";100;0,365917673627072;0,365917673627072;11;13;1;84,6153846153846;0
"Vegetatieplot";"IV2017020309320429";4008897;6410;"6410_mo";"Versie 2.0";"Binnen";100;0,365917673627072;0,365917673627072;10;11;0;90,9090909090909;1
"Vegetatieplot";"IV2017020309320429";4008897;6410;"6410_mo";"Versie 3";"Binnen";100;0,365917673627072;0,365917673627072;11;13;1;84,6153846153846;0
"Vegetatieplot";"IV2017020310250354";10766985;6410;"6410_mo";"Versie 2.0";"Binnen";100;0,365917673627072;0,365917673627072;7;11;1;63,6363636363636;0
"Vegetatieplot";"IV2017020310250354";10766985;6410;"6410_mo";"Versie 3";"Binnen";100;0,365917673627072;0,365917673627072;6;13;3;46,1538461538462;0
"Vegetatieplot";"IV2017020318234508";282614;7140;"7140_meso";"Versie 2.0";"Binnen";100;5,18362950735022;5,18362950735022;8;8;0;100;1
"Vegetatieplot";"IV2017020318234508";282614;7140;"7140_meso";"Versie 3";"Binnen";100;5,18362950735022;5,18362950735022;10;12;0;83,3333333333333;1
"Vegetatieplot";"IV2017020318480754";856054;7140;"7140_meso";"Versie 2.0";"Binnen";100;5,18362950735022;5,18362950735022;5;8;0;62,5;1
"Vegetatieplot";"IV2017020318480754";856054;7140;"7140_meso";"Versie 3";"Binnen";100;5,18362950735022;5,18362950735022;9;12;0;75;1
"Vegetatieplot";"IV2017020319064156";170798;7140;"7140_oli";"Versie 2.0";"Binnen";100;8,38547727868332;8,38547727868332;8;9;0;88,8888888888889;1
"Vegetatieplot";"IV2017020319064156";170798;7140;"7140_oli";"Versie 3";"Binnen";100;8,38547727868332;8,38547727868332;10;10;0;100;1
"Vegetatieplot";"IV2017020714540212";863862;7140;"7140_meso";"Versie 2.0";"Binnen";100;5,18362950735022;5,18362950735022;5;8;1;62,5;0
"Vegetatieplot";"IV2017020714540212";863862;7140;"7140_meso";"Versie 3";"Binnen";100;5,18362950735022;5,18362950735022;10;12;0;83,3333333333333;1
"Vegetatieplot";"IV2017020813570832";1013294;7140;"7140_meso";"Versie 2.0";"Binnen";100;5,18362950735022;5,18362950735022;4;8;1;50;0
"Vegetatieplot";"IV2017020813570832";1013294;7140;"7140_meso";"Versie 3";"Binnen";100;5,18362950735022;5,18362950735022;8;12;2;66,6666666666667;0
"Vegetatieplot";"IV2017020814462786";518902;7140;"7140_meso";"Versie 2.0";"Binnen";100;5,18362950735022;5,18362950735022;5;8;1;62,5;0
"Vegetatieplot";"IV2017020814462786";518902;7140;"7140_meso";"Versie 3";"Binnen";100;5,18362950735022;5,18362950735022;11;12;1;91,6666666666667;0
"Vegetatieplot";"IV2017020815451966";14029138;6120;"6120";"Versie 2.0";"Binnen";100;5,92188661716822;5,92188661716822;5;8;2;62,5;0
"Vegetatieplot";"IV2017020815451966";14029138;6120;"6120";"Versie 3";"Binnen";100;5,92188661716822;5,92188661716822;8;10;1;80;0
"Vegetatieplot";"IV2017020912043705";20320594;6120;"6120";"Versie 2.0";"Binnen";100;5,92188661716822;5,92188661716822;4;8;2;50;0
"Vegetatieplot";"IV2017020912043705";20320594;6120;"6120";"Versie 3";"Binnen";100;5,92188661716822;5,92188661716822;6;10;2;60;0
"Vegetatieplot";"IV2017020914342201";11366482;6120;"6120";"Versie 2.0";"Binnen";100;5,92188661716822;5,92188661716822;6;8;0;75;1
"Vegetatieplot";"IV2017020914342201";11366482;6120;"6120";"Versie 3";"Binnen";100;5,92188661716822;5,92188661716822;6;10;2;60;0
"Vegetatieplot";"IV2017020916182461";4501586;6120;"6120";"Versie 2.0";"Binnen";100;5,92188661716822;5,92188661716822;8;8;0;100;1
"Vegetatieplot";"IV2017020916182461";4501586;6120;"6120";"Versie 3";"Binnen";100;5,92188661716822;5,92188661716822;8;10;1;80;0
"Vegetatieplot";"IV2017021009570606";2468182;6410;"6410_ve";"Versie 2.0";"Binnen";100;3,07492932108213;3,07492932108213;8;11;2;72,7272727272727;0
"Vegetatieplot";"IV2017021009570606";2468182;6410;"6410_ve";"Versie 3";"Binnen";100;3,07492932108213;3,07492932108213;8;13;3;61,5384615384615;0
"Vegetatieplot";"IV2017021011372088";4042038;6410;"6410_mo";"Versie 2.0";"Binnen";100;0,365917673627072;0,365917673627072;9;11;1;81,8181818181818;0
"Vegetatieplot";"IV2017021011372088";4042038;6410;"6410_mo";"Versie 3";"Binnen";100;0,365917673627072;0,365917673627072;11;13;1;84,6153846153846;0
"Vegetatieplot";"IV2017021012413096";544902;6230;"6230_ha";"Versie 2.0";"Binnen";100;9,00623917481993;9,00623917481993;3;6;1;50;0
"Vegetatieplot";"IV2017021012413096";544902;6230;"6230_ha";"Versie 3";"Binnen";100;9,00623917481993;9,00623917481993;6;9;1;66,6666666666667;0
"Vegetatieplot";"IV2017021017031808";1618054;6410;"6410_ve";"Versie 2.0";"Binnen";100;3,07492932108213;3,07492932108213;8;11;2;72,7272727272727;0
"Vegetatieplot";"IV2017021017031808";1618054;6410;"6410_ve";"Versie 3";"Binnen";100;3,07492932108213;3,07492932108213;8;13;2;61,5384615384615;0
"Vegetatieplot";"IV2017021017402906";6152326;6410;"6410_mo";"Versie 2.0";"Binnen";100;0,365917673627072;0,365917673627072;9;11;1;81,8181818181818;0
"Vegetatieplot";"IV2017021017402906";6152326;6410;"6410_mo";"Versie 3";"Binnen";100;0,365917673627072;0,365917673627072;12;13;1;92,3076923076923;0
"Vegetatieplot";"IV2017021018144986";1286278;6410;"6410_ve";"Versie 2.0";"Binnen";100;3,07492932108213;3,07492932108213;8;11;0;72,7272727272727;1
"Vegetatieplot";"IV2017021018144986";1286278;6410;"6410_ve";"Versie 3";"Binnen";100;3,07492932108213;3,07492932108213;9;13;0;69,2307692307692;1
"Vegetatieplot";"IV2017021311152342";4975814;6410;"6410_mo";"Versie 2.0";"Binnen";100;0,365917673627072;0,365917673627072;11;11;0;100;1
"Vegetatieplot";"IV2017021311152342";4975814;6410;"6410_mo";"Versie 3";"Binnen";100;0,365917673627072;0,365917673627072;13;13;0;100;1
"Vegetatieplot";"IV2017021312171588";4598982;6410;"6410_mo";"Versie 2.0";"Binnen";100;0,365917673627072;0,365917673627072;11;11;0;100;1
"Vegetatieplot";"IV2017021312171588";4598982;6410;"6410_mo";"Versie 3";"Binnen";100;0,365917673627072;0,365917673627072;13;13;0;100;1
"Vegetatieplot";"IV2017021313081237";9087041;6410;"6410_ve";"Versie 2.0";"Binnen";100;3,07492932108213;3,07492932108213;10;11;0;90,9090909090909;1
"Vegetatieplot";"IV2017021313081237";9087041;6410;"6410_ve";"Versie 3";"Binnen";100;3,07492932108213;3,07492932108213;11;13;0;84,6153846153846;1
"Vegetatieplot";"IV2017021314165316";2898758;6410;"6410_mo";"Versie 2.0";"Binnen";100;0,365917673627072;0,365917673627072;10;11;0;90,9090909090909;1
"Vegetatieplot";"IV2017021314165316";2898758;6410;"6410_mo";"Versie 3";"Binnen";100;0,365917673627072;0,365917673627072;13;13;0;100;1
"Vegetatieplot";"IV2017021315595672";1022766;6230;"6230_hmo";"Versie 2.0";"Binnen";100;2,27842490061699;2,27842490061699;8;9;0;88,8888888888889;1
"Vegetatieplot";"IV2017021315595672";1022766;6230;"6230_hmo";"Versie 3";"Binnen";100;2,27842490061699;2,27842490061699;10;11;0;90,9090909090909;1
"Vegetatieplot";"IV2017021411231990";3016210;6410;"6410_mo";"Versie 2.0";"Buiten";100;0,729345731337661;0,729345731337661;7;11;1;63,6363636363636;0
"Vegetatieplot";"IV2017021411231990";3016210;6410;"6410_mo";"Versie 3";"Buiten";100;0,729345731337661;0,729345731337661;11;13;1;84,6153846153846;0
"Vegetatieplot";"IV2017021414091295";498886;6410;"6410_mo";"Versie 2.0";"Binnen";100;0,365917673627072;0,365917673627072;7;11;1;63,6363636363636;0
"Vegetatieplot";"IV2017021414091295";498886;6410;"6410_mo";"Versie 3";"Binnen";100;0,365917673627072;0,365917673627072;9;13;1;69,2307692307692;0
"Vegetatieplot";"IV2017021414350820";654598;6230;"6230_ha";"Versie 2.0";"Buiten";100;12,5627202244204;12,5627202244204;3;6;1;50;0
"Vegetatieplot";"IV2017021414350820";654598;6230;"6230_ha";"Versie 3";"Buiten";100;12,5627202244204;12,5627202244204;5;9;2;55,5555555555556;0
"Vegetatieplot";"IV2017021415171476";753630;6230;"6230_hmo";"Versie 2.0";"Binnen";100;2,27842490061699;2,27842490061699;7;9;0;77,7777777777778;1
"Vegetatieplot";"IV2017021415171476";753630;6230;"6230_hmo";"Versie 3";"Binnen";100;2,27842490061699;2,27842490061699;10;11;0;90,9090909090909;1
"Vegetatieplot";"IV2017021415590760";979286;6230;"6230_hmo";"Versie 2.0";"Binnen";100;2,27842490061699;2,27842490061699;6;9;1;66,6666666666667;0
"Vegetatieplot";"IV2017021415590760";979286;6230;"6230_hmo";"Versie 3";"Binnen";100;2,27842490061699;2,27842490061699;9;11;1;81,8181818181818;0
"Vegetatieplot";"IV2017021416154407";1062930;6410;"6410_mo";"Versie 2.0";"Binnen";100;0,365917673627072;0,365917673627072;8;11;1;72,7272727272727;0
"Vegetatieplot";"IV2017021416154407";1062930;6410;"6410_mo";"Versie 3";"Binnen";100;0,365917673627072;0,365917673627072;10;13;2;76,9230769230769;0
"Vegetatieplot";"IV2017021416161173";1346134;6410;"6410_ve";"Versie 2.0";"Buiten";100;18,8807767301322;18,8807767301322;8;11;1;72,7272727272727;0
"Vegetatieplot";"IV2017021416161173";1346134;6410;"6410_ve";"Versie 3";"Buiten";100;18,8807767301322;18,8807767301322;9;13;1;69,2307692307692;0
"Vegetatieplot";"IV2017021416585251";1474526;6230;"6230_hmo";"Versie 2.0";"Binnen";100;2,27842490061699;2,27842490061699;8;9;0;88,8888888888889;1
"Vegetatieplot";"IV2017021416585251";1474526;6230;"6230_hmo";"Versie 3";"Binnen";100;2,27842490061699;2,27842490061699;10;11;0;90,9090909090909;1
"Vegetatieplot";"IV2017021417294457";1884126;6230;"6230_hmo";"Versie 2.0";"Binnen";100;2,27842490061699;2,27842490061699;8;9;0;88,8888888888889;1
"Vegetatieplot";"IV2017021417294457";1884126;6230;"6230_hmo";"Versie 3";"Binnen";100;2,27842490061699;2,27842490061699;11;11;0;100;1
"Vegetatieplot";"IV2017021511162976";311262;6230;"6230_hn";"Versie 2.0";"Binnen";100;5,42646267659061;5,42646267659061;7;8;0;87,5;1
"Vegetatieplot";"IV2017021511162976";311262;6230;"6230_hn";"Versie 3";"Binnen";100;5,42646267659061;5,42646267659061;9;9;0;100;1
"Vegetatieplot";"IV2017021512035316";880094;7140;"7140_oli";"Versie 2.0";"Binnen";100;8,38547727868332;8,38547727868332;5;9;2;55,5555555555556;0
"Vegetatieplot";"IV2017021512035316";880094;7140;"7140_oli";"Versie 3";"Binnen";100;8,38547727868332;8,38547727868332;6;10;2;60;0
"Vegetatieplot";"IV2017021513104974";482290;7140;"7140_meso";"Versie 2.0";"Binnen";100;5,18362950735022;5,18362950735022;5;8;1;62,5;0
"Vegetatieplot";"IV2017021513104974";482290;7140;"7140_meso";"Versie 3";"Binnen";100;5,18362950735022;5,18362950735022;9;12;1;75;0
"Vegetatieplot";"IV2017021513172295";3777298;6410;"6410_mo";"Versie 2.0";"Binnen";100;0,365917673627072;0,365917673627072;8;11;0;72,7272727272727;1
"Vegetatieplot";"IV2017021513172295";3777298;6410;"6410_mo";"Versie 3";"Binnen";100;0,365917673627072;0,365917673627072;11;13;0;84,6153846153846;1
"Vegetatieplot";"IV2017021513305863";267986;7140;"7140_meso";"Versie 2.0";"Binnen";100;5,18362950735022;5,18362950735022;6;8;1;75;0
"Vegetatieplot";"IV2017021513305863";267986;7140;"7140_meso";"Versie 3";"Binnen";100;5,18362950735022;5,18362950735022;10;12;1;83,3333333333333;0
"Vegetatieplot";"IV2017021513582966";1388150;7140;"7140_meso";"Versie 2.0";"Binnen";100;5,18362950735022;5,18362950735022;5;8;1;62,5;0
"Vegetatieplot";"IV2017021513582966";1388150;7140;"7140_meso";"Versie 3";"Binnen";100;5,18362950735022;5,18362950735022;9;12;1;75;0
"Vegetatieplot";"IV2017021514480221";923346;7140;"7140_meso";"Versie 2.0";"Binnen";100;5,18362950735022;5,18362950735022;6;8;1;75;0
"Vegetatieplot";"IV2017021514480221";923346;7140;"7140_meso";"Versie 3";"Binnen";100;5,18362950735022;5,18362950735022;10;12;1;83,3333333333333;0
"Vegetatieplot";"IV2017021515052872";419538;7140;"7140_oli";"Versie 2.0";"Binnen";100;8,38547727868332;8,38547727868332;9;9;0;100;1
"Vegetatieplot";"IV2017021515052872";419538;7140;"7140_oli";"Versie 3";"Binnen";100;8,38547727868332;8,38547727868332;9;10;1;90;0
"Vegetatieplot";"IV2017021515263591";943826;7140;"7140_oli";"Versie 2.0";"Binnen";100;8,38547727868332;8,38547727868332;7;9;1;77,7777777777778;0
"Vegetatieplot";"IV2017021515263591";943826;7140;"7140_oli";"Versie 3";"Binnen";100;8,38547727868332;8,38547727868332;8;10;2;80;0
"Vegetatieplot";"IV2017021515505552";271030;7140;"7140_meso";"Versie 2.0";"Binnen";100;5,18362950735022;5,18362950735022;4;8;0;50;0
"Vegetatieplot";"IV2017021515505552";271030;7140;"7140_meso";"Versie 3";"Binnen";100;5,18362950735022;5,18362950735022;7;12;1;58,3333333333333;0
"Vegetatieplot";"IV2017021516075256";103094;7140;"7140_meso";"Versie 2.0";"Binnen";100;5,18362950735022;5,18362950735022;6;8;0;75;1
"Vegetatieplot";"IV2017021516075256";103094;7140;"7140_meso";"Versie 3";"Binnen";100;5,18362950735022;5,18362950735022;9;12;1;75;0
"Vegetatieplot";"IV2017021516261649";959958;7140;"7140_oli";"Versie 2.0";"Binnen";100;8,38547727868332;8,38547727868332;7;9;2;77,7777777777778;0
"Vegetatieplot";"IV2017021516261649";959958;7140;"7140_oli";"Versie 3";"Binnen";100;8,38547727868332;8,38547727868332;7;10;3;70;0
"Vegetatieplot";"IV2017021710262223";1087350;7140;"7140_meso";"Versie 2.0";"Binnen";100;5,18362950735022;5,18362950735022;2;8;1;25;0
"Vegetatieplot";"IV2017021710262223";1087350;7140;"7140_meso";"Versie 3";"Binnen";100;5,18362950735022;5,18362950735022;6;12;1;50;0
"Vegetatieplot";"IV2017021710534965";3219382;7140;"7140_meso";"Versie 2.0";"Binnen";100;5,18362950735022;5,18362950735022;6;8;1;75;0
"Vegetatieplot";"IV2017021710534965";3219382;7140;"7140_meso";"Versie 3";"Binnen";100;5,18362950735022;5,18362950735022;11;12;0;91,6666666666667;1
"Vegetatieplot";"IV2017021712152647";1749942;7140;"7140_meso";"Versie 2.0";"Binnen";100;5,18362950735022;5,18362950735022;4;8;1;50;0
"Vegetatieplot";"IV2017021712152647";1749942;7140;"7140_meso";"Versie 3";"Binnen";100;5,18362950735022;5,18362950735022;7;12;1;58,3333333333333;0
"Vegetatieplot";"IV2017021712361732";702674;7140;"7140_oli";"Versie 2.0";"Binnen";100;8,38547727868332;8,38547727868332;3;9;3;33,3333333333333;0
"Vegetatieplot";"IV2017021712361732";702674;7140;"7140_oli";"Versie 3";"Binnen";100;8,38547727868332;8,38547727868332;5;10;3;50;0
"Vegetatieplot";"IV2017021713122588";3732406;7140;"7140_meso";"Versie 2.0";"Binnen";100;5,18362950735022;5,18362950735022;5;8;0;62,5;1
"Vegetatieplot";"IV2017021713122588";3732406;7140;"7140_meso";"Versie 3";"Binnen";100;5,18362950735022;5,18362950735022;9;12;0;75;1
"Vegetatieplot";"IV2017021716440979";1635254;7140;"7140_meso";"Versie 2.0";"Binnen";100;5,18362950735022;5,18362950735022;5;8;1;62,5;0
"Vegetatieplot";"IV2017021716440979";1635254;7140;"7140_meso";"Versie 3";"Binnen";100;5,18362950735022;5,18362950735022;9;12;1;75;0
"Vegetatieplot";"IV2017021717085050";4026418;6410;"6410_mo";"Versie 2.0";"Buiten";100;0,729345731337661;0,729345731337661;8;11;0;72,7272727272727;1
"Vegetatieplot";"IV2017021717085050";4026418;6410;"6410_mo";"Versie 3";"Buiten";100;0,729345731337661;0,729345731337661;10;13;1;76,9230769230769;0
"Vegetatieplot";"IV2017021717285026";2225078;7140;"7140_meso";"Versie 2.0";"Binnen";100;5,18362950735022;5,18362950735022;8;8;0;100;1
"Vegetatieplot";"IV2017021717285026";2225078;7140;"7140_meso";"Versie 3";"Binnen";100;5,18362950735022;5,18362950735022;12;12;0;100;1
"Vegetatieplot";"IV2017022011205318";1583446;6410;"6410_mo";"Versie 2.0";"Binnen";100;0,365917673627072;0,365917673627072;7;11;1;63,6363636363636;0
"Vegetatieplot";"IV2017022011205318";1583446;6410;"6410_mo";"Versie 3";"Binnen";100;0,365917673627072;0,365917673627072;8;13;2;61,5384615384615;0
"Vegetatieplot";"IV2017022013121858";5783154;6410;"6410_mo";"Versie 2.0";"Binnen";100;0,365917673627072;0,365917673627072;9;11;0;81,8181818181818;1
"Vegetatieplot";"IV2017022013121858";5783154;6410;"6410_mo";"Versie 3";"Binnen";100;0,365917673627072;0,365917673627072;10;13;1;76,9230769230769;0
"Vegetatieplot";"IV2017022014150360";414646;6230;"6230_hn";"Versie 2.0";"Binnen";100;5,42646267659061;5,42646267659061;5;8;1;62,5;0
"Vegetatieplot";"IV2017022014150360";414646;6230;"6230_hn";"Versie 3";"Binnen";100;5,42646267659061;5,42646267659061;4;9;3;44,4444444444444;0
"Vegetatieplot";"IV2017022015390187";905382;6410;"6410_mo";"Versie 2.0";"Buiten";100;0,729345731337661;0,729345731337661;7;11;1;63,6363636363636;0
"Vegetatieplot";"IV2017022015390187";905382;6410;"6410_mo";"Versie 3";"Buiten";100;0,729345731337661;0,729345731337661;10;13;1;76,9230769230769;0
"Vegetatieplot";"IV2017022111183354";1004470;7140;"7140_meso";"Versie 2.0";"Binnen";100;5,18362950735022;5,18362950735022;5;8;1;62,5;0
"Vegetatieplot";"IV2017022111183354";1004470;7140;"7140_meso";"Versie 3";"Binnen";100;5,18362950735022;5,18362950735022;10;12;1;83,3333333333333;0
"Vegetatieplot";"IV2017022112545290";3008870;6410;"6410_mo";"Versie 2.0";"Buiten";100;0,729345731337661;0,729345731337661;9;11;0;81,8181818181818;1
"Vegetatieplot";"IV2017022112545290";3008870;6410;"6410_mo";"Versie 3";"Buiten";100;0,729345731337661;0,729345731337661;12;13;0;92,3076923076923;1
"Vegetatieplot";"IV2017022115375527";4057446;6410;"6410_mo";"Versie 2.0";"Buiten";100;0,729345731337661;0,729345731337661;7;11;1;63,6363636363636;0
"Vegetatieplot";"IV2017022115375527";4057446;6410;"6410_mo";"Versie 3";"Buiten";100;0,729345731337661;0,729345731337661;9;13;1;69,2307692307692;0
"Vegetatieplot";"IV2017022211385297";3741830;6410;"6410_mo";"Versie 2.0";"Binnen";100;0,365917673627072;0,365917673627072;7;11;1;63,6363636363636;0
"Vegetatieplot";"IV2017022211385297";3741830;6410;"6410_mo";"Versie 3";"Binnen";100;0,365917673627072;0,365917673627072;9;13;1;69,2307692307692;0
"Vegetatieplot";"IV2017022213011877";1156230;6410;"6410_mo";"Versie 2.0";"Buiten";100;0,729345731337661;0,729345731337661;7;11;2;63,6363636363636;0
"Vegetatieplot";"IV2017022213011877";1156230;6410;"6410_mo";"Versie 3";"Buiten";100;0,729345731337661;0,729345731337661;11;13;2;84,6153846153846;0
"Vegetatieplot";"IV2017022315312444";2160774;6410;"6410_mo";"Versie 2.0";"Binnen";100;0,365917673627072;0,365917673627072;7;11;1;63,6363636363636;0
"Vegetatieplot";"IV2017022315312444";2160774;6410;"6410_mo";"Versie 3";"Binnen";100;0,365917673627072;0,365917673627072;9;13;2;69,2307692307692;0
"Vegetatieplot";"IV2017022318064503";2839602;6410;"6410_mo";"Versie 2.0";"Binnen";100;0,365917673627072;0,365917673627072;8;11;0;72,7272727272727;1
"Vegetatieplot";"IV2017022318064503";2839602;6410;"6410_mo";"Versie 3";"Binnen";100;0,365917673627072;0,365917673627072;12;13;0;92,3076923076923;1
"Vegetatieplot";"IV2017022410371769";742450;6410;"6410_mo";"Versie 2.0";"Binnen";100;0,365917673627072;0,365917673627072;5;10;2;50;0
"Vegetatieplot";"IV2017022410371769";742450;6410;"6410_mo";"Versie 3";"Binnen";100;0,365917673627072;0,365917673627072;6;12;3;50;0
"Vegetatieplot";"IV2017022412465341";480306;6410;"6410_mo";"Versie 2.0";"Binnen";100;0,365917673627072;0,365917673627072;8;11;0;72,7272727272727;1
"Vegetatieplot";"IV2017022412465341";480306;6410;"6410_mo";"Versie 3";"Binnen";100;0,365917673627072;0,365917673627072;10;13;1;76,9230769230769;0
"Vegetatieplot";"IV2017112908460816";1036446;6230;"6230_hmo";"Versie 2.0";"Binnen";100;2,27842490061699;2,27842490061699;8;9;0;88,8888888888889;1
"Vegetatieplot";"IV2017112908460816";1036446;6230;"6230_hmo";"Versie 3";"Binnen";100;2,27842490061699;2,27842490061699;10;11;0;90,9090909090909;1
"Vegetatieplot";"IV2017112912580483";823129;6230;"6230_hmo";"Versie 2.0";"Binnen";100;2,27842490061699;2,27842490061699;4;9;2;44,4444444444444;0
"Vegetatieplot";"IV2017112912580483";823129;6230;"6230_hmo";"Versie 3";"Binnen";100;2,27842490061699;2,27842490061699;6;11;3;54,5454545454545;0
"Vegetatieplot";"IV2017112913583445";1428270;6230;"6230_hn";"Versie 2.0";"Buiten";100;9,17159716811805;9,17159716811805;7;8;1;87,5;0
"Vegetatieplot";"IV2017112913583445";1428270;6230;"6230_hn";"Versie 3";"Buiten";100;9,17159716811805;9,17159716811805;8;9;0;88,8888888888889;1
"Vegetatieplot";"IV2017112915243954";1642233;6410;"6410_mo";"Versie 2.0";"Binnen";100;0,365917673627072;0,365917673627072;8;11;1;72,7272727272727;0
"Vegetatieplot";"IV2017112915243954";1642233;6410;"6410_mo";"Versie 3";"Binnen";100;0,365917673627072;0,365917673627072;11;13;1;84,6153846153846;0
"Vegetatieplot";"IV2017113010102631";6645958;6410;"6410_mo";"Versie 2.0";"Binnen";100;0,365917673627072;0,365917673627072;8;11;0;72,7272727272727;1
"Vegetatieplot";"IV2017113010102631";6645958;6410;"6410_mo";"Versie 3";"Binnen";100;0,365917673627072;0,365917673627072;9;13;1;69,2307692307692;0
"Vegetatieplot";"IV2017113011505228";6194105;6410;"6410_mo";"Versie 2.0";"Buiten";100;0,729345731337661;0,729345731337661;9;11;0;81,8181818181818;1
"Vegetatieplot";"IV2017113011505228";6194105;6410;"6410_mo";"Versie 3";"Buiten";100;0,729345731337661;0,729345731337661;11;13;0;84,6153846153846;1
"Vegetatieplot";"IV2017120108115051";1348277;1330;"1330_hpr";"Versie 2.0";"Binnen";100;6,62466184943237;6,62466184943237;4;6;0;66,6666666666667;1
"Vegetatieplot";"IV2017120108115051";1348277;1330;"1330_hpr";"Versie 3";"Binnen";100;6,62466184943237;6,62466184943237;4;6;0;66,6666666666667;1
"Vegetatieplot";"IV2017120109032402";299701;1330;"1330_hpr";"Versie 2.0";"Binnen";100;6,62466184943237;6,62466184943237;5;6;0;83,3333333333333;1
"Vegetatieplot";"IV2017120109032402";299701;1330;"1330_hpr";"Versie 3";"Binnen";100;6,62466184943237;6,62466184943237;5;6;0;83,3333333333333;1
"Vegetatieplot";"IV2017120111004036";1403657;1330;"1330_hpr";"Versie 2.0";"Binnen";100;6,62466184943237;6,62466184943237;4;6;0;66,6666666666667;1
"Vegetatieplot";"IV2017120111004036";1403657;1330;"1330_hpr";"Versie 3";"Binnen";100;6,62466184943237;6,62466184943237;4;6;0;66,6666666666667;1
"Vegetatieplot";"IV2017120111463956";4599942;6410;"6410_ve";"Versie 2.0";"Binnen";100;3,07492932108213;3,07492932108213;9;11;1;81,8181818181818;0
"Vegetatieplot";"IV2017120111463956";4599942;6410;"6410_ve";"Versie 3";"Binnen";100;3,07492932108213;3,07492932108213;9;13;1;69,2307692307692;0
"Vegetatieplot";"IV2017120112090282";2334854;6230;"6230_hmo";"Versie 2.0";"Binnen";100;2,27842490061699;2,27842490061699;7;9;0;77,7777777777778;1
"Vegetatieplot";"IV2017120112090282";2334854;6230;"6230_hmo";"Versie 3";"Binnen";100;2,27842490061699;2,27842490061699;11;11;0;100;1
"Vegetatieplot";"IV2017120112565263";1040518;6230;"6230_hn";"Versie 2.0";"Binnen";100;5,42646267659061;5,42646267659061;7;8;1;87,5;0
"Vegetatieplot";"IV2017120112565263";1040518;6230;"6230_hn";"Versie 3";"Binnen";100;5,42646267659061;5,42646267659061;9;9;0;100;1
"Vegetatieplot";"IV2017120114192219";2813697;6230;"6230_hn";"Versie 2.0";"Binnen";80;5,42646267659061;4,34117014127249;7;8;0;87,5;1
"Vegetatieplot";"IV2017120114192219";2813697;6230;"6230_hn";"Versie 3";"Binnen";80;5,42646267659061;4,34117014127249;8;9;0;88,8888888888889;1
"Vegetatieplot";"IV2017120117414722";8158406;6410;"6410_mo";"Versie 2.0";"Binnen";100;0,365917673627072;0,365917673627072;10;11;0;90,9090909090909;1
"Vegetatieplot";"IV2017120117414722";8158406;6410;"6410_mo";"Versie 3";"Binnen";100;0,365917673627072;0,365917673627072;13;13;0;100;1
"Vegetatieplot";"IV2017120118231406";8121542;6410;"6410_mo";"Versie 2.0";"Binnen";100;0,365917673627072;0,365917673627072;8;11;2;72,7272727272727;0
"Vegetatieplot";"IV2017120118231406";8121542;6410;"6410_mo";"Versie 3";"Binnen";100;0,365917673627072;0,365917673627072;11;13;2;84,6153846153846;0
"Vegetatieplot";"IV2017120118520910";7072966;6410;"6410_mo";"Versie 2.0";"Binnen";100;0,365917673627072;0,365917673627072;11;11;0;100;1
"Vegetatieplot";"IV2017120118520910";7072966;6410;"6410_mo";"Versie 3";"Binnen";100;0,365917673627072;0,365917673627072;13;13;0;100;1
"Vegetatieplot";"IV2018030220035638";1443378;6230;"6230_hn";"Versie 2.0";"Buiten";100;9,17159716811805;9,17159716811805;8;8;0;100;1
"Vegetatieplot";"IV2018030220035638";1443378;6230;"6230_hn";"Versie 3";"Buiten";100;9,17159716811805;9,17159716811805;9;9;0;100;1
"Vegetatieplot";"IV2018030221161700";332786;6230;"6230_hn";"Versie 2.0";"Buiten";100;9,17159716811805;9,17159716811805;7;8;0;87,5;1
"Vegetatieplot";"IV2018030221161700";332786;6230;"6230_hn";"Versie 3";"Buiten";100;9,17159716811805;9,17159716811805;8;9;0;88,8888888888889;1
"Vegetatieplot";"IV2018030415500950";1085366;6230;"6230_hn";"Versie 2.0";"Binnen";100;5,42646267659061;5,42646267659061;7;8;0;87,5;1
"Vegetatieplot";"IV2018030415500950";1085366;6230;"6230_hn";"Versie 3";"Binnen";100;5,42646267659061;5,42646267659061;9;9;0;100;1
"Vegetatieplot";"IV2018030416251801";983990;6230;"6230_hn";"Versie 2.0";"Binnen";100;5,42646267659061;5,42646267659061;6;8;0;75;1
"Vegetatieplot";"IV2018030416251801";983990;6230;"6230_hn";"Versie 3";"Binnen";100;5,42646267659061;5,42646267659061;7;9;0;77,7777777777778;1
"Vegetatieplot";"IV2018030418071744";309458;6230;"6230_hmo";"Versie 2.0";"Binnen";100;2,27842490061699;2,27842490061699;7;9;0;77,7777777777778;1
"Vegetatieplot";"IV2018030418071744";309458;6230;"6230_hmo";"Versie 3";"Binnen";100;2,27842490061699;2,27842490061699;8;11;1;72,7272727272727;0
"Vegetatieplot";"IV2018030512111847";2133926;6230;"6230_hmo";"Versie 2.0";"Binnen";100;2,27842490061699;2,27842490061699;8;9;1;88,8888888888889;0
"Vegetatieplot";"IV2018030512111847";2133926;6230;"6230_hmo";"Versie 3";"Binnen";100;2,27842490061699;2,27842490061699;9;11;2;81,8181818181818;0
"Vegetatieplot";"IV2018030513530737";2264998;6230;"6230_hmo";"Versie 2.0";"Binnen";100;2,27842490061699;2,27842490061699;9;9;0;100;1
"Vegetatieplot";"IV2018030513530737";2264998;6230;"6230_hmo";"Versie 3";"Binnen";100;2,27842490061699;2,27842490061699;11;11;0;100;1
"Vegetatieplot";"IV2018030514594211";3734950;6230;"6230_hn";"Versie 2.0";"Buiten";100;9,17159716811805;9,17159716811805;8;8;0;100;1
"Vegetatieplot";"IV2018030514594211";3734950;6230;"6230_hn";"Versie 3";"Buiten";100;9,17159716811805;9,17159716811805;9;9;0;100;1
"Vegetatieplot";"IV2018030614122464";7203174;6410;"6410_mo";"Versie 2.0";"Buiten";100;0,729345731337661;0,729345731337661;8;11;0;72,7272727272727;1
"Vegetatieplot";"IV2018030614122464";7203174;6410;"6410_mo";"Versie 3";"Buiten";100;0,729345731337661;0,729345731337661;10;13;0;76,9230769230769;1
"Vegetatieplot";"IV2018030711265492";5624882;6410;"6410_ve";"Versie 2.0";"Binnen";100;3,07492932108213;3,07492932108213;8;11;1;72,7272727272727;0
"Vegetatieplot";"IV2018030711265492";5624882;6410;"6410_ve";"Versie 3";"Binnen";100;3,07492932108213;3,07492932108213;9;13;1;69,2307692307692;0
"Vegetatieplot";"IV2018030714233862";6948370;6410;"6410_mo";"Versie 2.0";"Buiten";100;0,729345731337661;0,729345731337661;8;11;0;72,7272727272727;1
"Vegetatieplot";"IV2018030714233862";6948370;6410;"6410_mo";"Versie 3";"Buiten";100;0,729345731337661;0,729345731337661;11;13;0;84,6153846153846;1
"Vegetatieplot";"IV2018030715551163";783954;6230;"6230_ha";"Versie 2.0";"Binnen";100;9,00623917481993;9,00623917481993;3;6;0;50;0
"Vegetatieplot";"IV2018030715551163";783954;6230;"6230_ha";"Versie 3";"Binnen";100;9,00623917481993;9,00623917481993;6;9;0;66,6666666666667;1
"Vegetatieplot";"IV2018030719244841";1140434;7140;"7140_meso";"Versie 2.0";"Binnen";100;5,18362950735022;5,18362950735022;5;8;0;62,5;1
"Vegetatieplot";"IV2018030719244841";1140434;7140;"7140_meso";"Versie 3";"Binnen";100;5,18362950735022;5,18362950735022;9;12;0;75;1
"Vegetatieplot";"IV2018030719484292";1468114;7140;"7140_oli";"Versie 2.0";"Binnen";70;8,38547727868332;5,86983409507832;7;9;1;77,7777777777778;0
"Vegetatieplot";"IV2018030719484292";1468114;7140;"7140_oli";"Versie 3";"Binnen";70;8,38547727868332;5,86983409507832;9;10;1;90;0
"Vegetatieplot";"IV2018031009213148";1367026;7140;"7140_oli";"Versie 2.0";"Binnen";100;8,38547727868332;8,38547727868332;5;9;2;55,5555555555556;0
"Vegetatieplot";"IV2018031009213148";1367026;7140;"7140_oli";"Versie 3";"Binnen";100;8,38547727868332;8,38547727868332;8;10;2;80;0
"Vegetatieplot";"IV2018031010191687";222518;7140;"7140_meso";"Versie 2.0";"Binnen";100;5,18362950735022;5,18362950735022;6;8;0;75;1
"Vegetatieplot";"IV2018031010191687";222518;7140;"7140_meso";"Versie 3";"Binnen";100;5,18362950735022;5,18362950735022;10;12;0;83,3333333333333;1
"Vegetatieplot";"IV2018031021192601";1576886;7140;"7140_oli";"Versie 2.0";"Binnen";100;8,38547727868332;8,38547727868332;5;9;2;55,5555555555556;0
"Vegetatieplot";"IV2018031021192601";1576886;7140;"7140_oli";"Versie 3";"Binnen";100;8,38547727868332;8,38547727868332;7;10;2;70;0
"Vegetatieplot";"IV2018031109022283";471990;7140;"7140_meso";"Versie 2.0";"Binnen";100;5,18362950735022;5,18362950735022;4;8;1;50;0
"Vegetatieplot";"IV2018031109022283";471990;7140;"7140_meso";"Versie 3";"Binnen";100;5,18362950735022;5,18362950735022;8;12;1;66,6666666666667;0
"Vegetatieplot";"IV2018031113042338";369974;7140;"7140_meso";"Versie 2.0";"Binnen";100;5,18362950735022;5,18362950735022;5;8;0;62,5;1
"Vegetatieplot";"IV2018031113042338";369974;7140;"7140_meso";"Versie 3";"Binnen";100;5,18362950735022;5,18362950735022;8;12;1;66,6666666666667;0
"Vegetatieplot";"IV2018031113285776";717750;7140;"7140_oli";"Versie 2.0";"Binnen";100;8,38547727868332;8,38547727868332;7;9;1;77,7777777777778;0
"Vegetatieplot";"IV2018031113285776";717750;7140;"7140_oli";"Versie 3";"Binnen";100;8,38547727868332;8,38547727868332;7;10;2;70;0
"Vegetatieplot";"IV2018082008574310";589698;6230;"6230_hnk";"Versie 2.0";"Binnen";100;3,4240125715217;3,4240125715217;5;9;0;55,5555555555556;1
"Vegetatieplot";"IV2018082008574310";589698;6230;"6230_hnk";"Versie 3";"Binnen";100;3,4240125715217;3,4240125715217;7;9;0;77,7777777777778;1
"Vegetatieplot";"IV2018082408442571";6102322;6410;"6410_ve";"Versie 2.0";"Binnen";100;3,07492932108213;3,07492932108213;8;11;1;72,7272727272727;0
"Vegetatieplot";"IV2018082408442571";6102322;6410;"6410_ve";"Versie 3";"Binnen";100;3,07492932108213;3,07492932108213;9;13;2;69,2307692307692;0
