"IDPlots";"Habitattype";"X_coord";"Y_coord";"SBZH";"Regio";"HabCode";"ID";"Date";"Jaar";"PlotWeight";"StratumWeight";"WeightComb"
"ZSCPQ074";"91E0_sf";136674,45;197613,575;"Binnen";"Atlantic";"91E0_sf";"IV2013112613395719";"2013-09-23";2013;1;10,2448275862069;10,2448275862069
"ZSCPQ074";"91E0_sf";136674,45;197613,575;"Binnen";"Atlantic";"91E0_sf";"IV2014092910023849";"1995-08-10";1995;1;10,2448275862069;10,2448275862069
"ZSCPQ119";"91E0_sf";142923,21;200674,065;"Binnen";"Atlantic";"91E0_sf";"IV2013112615563116";"2013-09-25";2013;1;10,2448275862069;10,2448275862069
"ZSCPQ119";"91E0_sf";142923,21;200674,065;"Binnen";"Atlantic";"91E0_sf";"IV2014092314083739";"1995-08-28";1995;1;10,2448275862069;10,2448275862069
"ZSCPQ120";"91E0_sf";138259,525;194388,82;"Binnen";"Atlantic";"91E0_sf";"IV2013112615285945";"2013-09-24";2013;1;10,2448275862069;10,2448275862069
"ZSCPQ120";"91E0_sf";138259,525;194388,82;"Binnen";"Atlantic";"91E0_sf";"IV2014093015031050";"1995-08-28";1995;1;10,2448275862069;10,2448275862069
"ZSCPQ122";"91E0_sf";143531,595;201073,75;"Binnen";"Atlantic";"91E0_sf";"IV2013112710155983";"2013-09-26";2013;1;10,2448275862069;10,2448275862069
"ZSCPQ122";"91E0_sf";143531,595;201073,75;"Binnen";"Atlantic";"91E0_sf";"IV2014092316054851";"1995-09-01";1995;1;10,2448275862069;10,2448275862069
"ZSCPQ123";"91E0_sf";143335,165;200908,025;"Binnen";"Atlantic";"91E0_sf";"IV2013112710235801";"2013-09-26";2013;1;10,2448275862069;10,2448275862069
"ZSCPQ123";"91E0_sf";143335,165;200908,025;"Binnen";"Atlantic";"91E0_sf";"IV2014093015235050";"1995-09-01";1995;1;10,2448275862069;10,2448275862069
"ZSCPQ124";"91E0_sf";142765,535;200584,585;"Binnen";"Atlantic";"91E0_sf";"IV2013112616044360";"2013-09-25";2013;1;10,2448275862069;10,2448275862069
"ZSCPQ124";"91E0_sf";142765,535;200584,585;"Binnen";"Atlantic";"91E0_sf";"IV2014093015403871";"1995-09-01";1995;1;10,2448275862069;10,2448275862069
"ZSCPQ125";"91E0_sf";142319,415;200429,92;"Binnen";"Atlantic";"91E0_sf";"IV2013112616175459";"2013-09-25";2013;1;10,2448275862069;10,2448275862069
"ZSCPQ125";"91E0_sf";142319,415;200429,92;"Binnen";"Atlantic";"91E0_sf";"IV2014093016085893";"1995-09-01";1995;1;10,2448275862069;10,2448275862069
"ZSCPQ126";"91E0_sf";143208,075;200877,62;"Binnen";"Atlantic";"91E0_sf";"IV2013112616275443";"2013-09-25";2013;1;10,2448275862069;10,2448275862069
"ZSCPQ126";"91E0_sf";143208,075;200877,62;"Binnen";"Atlantic";"91E0_sf";"IV2014093016274790";"1995-09-06";1995;1;10,2448275862069;10,2448275862069
"ZSCPQ127";"91E0_sf";139404,5;200958,5;"Binnen";"Atlantic";"91E0_sf";"IV2013112612190184";"2013-09-20";2013;1;10,2448275862069;10,2448275862069
"ZSCPQ127";"91E0_sf";139404,5;200958,5;"Binnen";"Atlantic";"91E0_sf";"IV2014093016433867";"1995-09-06";1995;1;10,2448275862069;10,2448275862069
"ZSCPQ128";"91E0_sf";137810,645;196734,65;"Binnen";"Atlantic";"91E0_sf";"IV2013112613475490";"2013-09-23";2013;1;10,2448275862069;10,2448275862069
"ZSCPQ128";"91E0_sf";137810,645;196734,65;"Binnen";"Atlantic";"91E0_sf";"IV2014100209045929";"1995-09-08";1995;1;10,2448275862069;10,2448275862069
"ZSCPQ130";"91E0_sf";137369,865;197306,2;"Binnen";"Atlantic";"91E0_sf";"IV2013112614015766";"2013-09-23";2013;1;10,2448275862069;10,2448275862069
"ZSCPQ130";"91E0_sf";137369,865;197306,2;"Binnen";"Atlantic";"91E0_sf";"IV2014100209440695";"1995-09-12";1995;1;10,2448275862069;10,2448275862069
"ZSCPQ131";"91E0_sf";136447,47;198072,755;"Binnen";"Atlantic";"91E0_sf";"IV2013112612101728";"2013-09-20";2013;1;10,2448275862069;10,2448275862069
"ZSCPQ131";"91E0_sf";136447,47;198072,755;"Binnen";"Atlantic";"91E0_sf";"IV2014100210040529";"1995-09-12";1995;1;10,2448275862069;10,2448275862069
"ZSCPQ134";"91E0_sf";137877,18;194541,135;"Binnen";"Atlantic";"91E0_sf";"IV2013112615371071";"2013-09-24";2013;1;10,2448275862069;10,2448275862069
"ZSCPQ134";"91E0_sf";137877,18;194541,135;"Binnen";"Atlantic";"91E0_sf";"IV2014100211230864";"1995-09-12";1995;1;10,2448275862069;10,2448275862069
"ZSCPQ135";"91E0_sf";137955,52;194059,755;"Binnen";"Atlantic";"91E0_sf";"IV2013112610383561";"2013-09-18";2013;1;10,2448275862069;10,2448275862069
"ZSCPQ135";"91E0_sf";137955,52;194059,755;"Binnen";"Atlantic";"91E0_sf";"IV2014100211365571";"1995-09-14";1995;1;10,2448275862069;10,2448275862069
"ZSCPQ137";"91E0_sf";137911,5;193910;"Binnen";"Atlantic";"91E0_sf";"IV2013112610432260";"2013-09-18";2013;1;10,2448275862069;10,2448275862069
"ZSCPQ137";"91E0_sf";137911,5;193910;"Binnen";"Atlantic";"91E0_sf";"IV2014100212054626";"1995-09-14";1995;1;10,2448275862069;10,2448275862069
"ZSCPQ138";"91E0_sf";137813,485;193966,465;"Binnen";"Atlantic";"91E0_sf";"IV2013112610573981";"2013-09-18";2013;1;10,2448275862069;10,2448275862069
"ZSCPQ138";"91E0_sf";137813,485;193966,465;"Binnen";"Atlantic";"91E0_sf";"IV2014100608450655";"1995-09-14";1995;1;10,2448275862069;10,2448275862069
"ZSCPQ140";"91E0_sf";127154,905;191815,43;"Buiten";"Atlantic";"91E0_sf";"IV2013112510491349";"2013-09-12";2013;1;45,1;45,1
"ZSCPQ140";"91E0_sf";127154,905;191815,43;"Buiten";"Atlantic";"91E0_sf";"IV2014100609195535";"1995-09-21";1995;1;45,1;45,1
"ZSCPQ142";"91E0_sf";129424,185;193482,355;"Binnen";"Atlantic";"91E0_sf";"IV2013112016153156";"2013-09-10";2013;1;10,2448275862069;10,2448275862069
"ZSCPQ142";"91E0_sf";129424,185;193482,355;"Binnen";"Atlantic";"91E0_sf";"IV2014100609552068";"1995-09-22";1995;1;10,2448275862069;10,2448275862069
"ZSCPQ145";"91E0_sf";129001,705;193476,65;"Binnen";"Atlantic";"91E0_sf";"IV2013112016223231";"2013-09-10";2013;1;10,2448275862069;10,2448275862069
"ZSCPQ145";"91E0_sf";129001,705;193476,65;"Binnen";"Atlantic";"91E0_sf";"IV2014100611214378";"1995-09-22";1995;1;10,2448275862069;10,2448275862069
"ZSCPQ146";"91E0_sf";132957,54;192974,21;"Binnen";"Atlantic";"91E0_sf";"IV2013112513553865";"2013-09-16";2013;1;10,2448275862069;10,2448275862069
"ZSCPQ146";"91E0_sf";132957,54;192974,21;"Binnen";"Atlantic";"91E0_sf";"IV2014100611345220";"1995-09-22";1995;1;10,2448275862069;10,2448275862069
"ZSCPQ147";"91E0_sf";132959,59;192955,9;"Binnen";"Atlantic";"91E0_sf";"IV2013112514102708";"2013-09-16";2013;1;10,2448275862069;10,2448275862069
"ZSCPQ147";"91E0_sf";132959,59;192955,9;"Binnen";"Atlantic";"91E0_sf";"IV2014100611504108";"1995-09-22";1995;1;10,2448275862069;10,2448275862069
"ZSCPQ149";"91E0_sf";136533,435;199389,73;"Binnen";"Atlantic";"91E0_sf";"IV2013112611191782";"2013-09-19";2013;1;10,2448275862069;10,2448275862069
"ZSCPQ149";"91E0_sf";136533,435;199389,73;"Binnen";"Atlantic";"91E0_sf";"IV2014100615372310";"1995-09-29";1995;1;10,2448275862069;10,2448275862069
"ZSCPQ150";"91E0_sf";136469,075;199433,575;"Binnen";"Atlantic";"91E0_sf";"IV2013112611250722";"2013-09-19";2013;1;10,2448275862069;10,2448275862069
"ZSCPQ150";"91E0_sf";136469,075;199433,575;"Binnen";"Atlantic";"91E0_sf";"IV2014100615524675";"1995-09-29";1995;1;10,2448275862069;10,2448275862069
"ZSCPQ151";"91E0_sf";136047,385;191989,23;"Binnen";"Atlantic";"91E0_sf";"IV2013112514191156";"2013-09-16";2013;1;10,2448275862069;10,2448275862069
"ZSCPQ151";"91E0_sf";136047,385;191989,23;"Binnen";"Atlantic";"91E0_sf";"IV2014100616071246";"1995-10-02";1995;1;10,2448275862069;10,2448275862069
"ZSCPQ152";"91E0_sf";136072,565;191995,01;"Binnen";"Atlantic";"91E0_sf";"IV2013112514444162";"2013-09-16";2013;1;10,2448275862069;10,2448275862069
"ZSCPQ152";"91E0_sf";136072,565;191995,01;"Binnen";"Atlantic";"91E0_sf";"IV2014100616283664";"1995-10-02";1995;1;10,2448275862069;10,2448275862069
"ZSCPQ153";"91E0_sf";136028,58;191943,825;"Binnen";"Atlantic";"91E0_sf";"IV2013112514541496";"2013-09-16";2013;1;10,2448275862069;10,2448275862069
"ZSCPQ153";"91E0_sf";136028,58;191943,825;"Binnen";"Atlantic";"91E0_sf";"IV2014100616415137";"1995-10-02";1995;1;10,2448275862069;10,2448275862069
"ZSCPQ154";"91E0_sf";136250,415;191703,97;"Binnen";"Atlantic";"91E0_sf";"IV2013112609480584";"2013-09-17";2013;1;10,2448275862069;10,2448275862069
"ZSCPQ154";"91E0_sf";136250,415;191703,97;"Binnen";"Atlantic";"91E0_sf";"IV2014100708534297";"1995-10-02";1995;1;10,2448275862069;10,2448275862069
"ZSCPQ156";"91E0_sf";136399,675;191692,45;"Binnen";"Atlantic";"91E0_sf";"IV2013112609491469";"2013-09-17";2013;1;10,2448275862069;10,2448275862069
"ZSCPQ156";"91E0_sf";136399,675;191692,45;"Binnen";"Atlantic";"91E0_sf";"IV2014100709100876";"1995-10-03";1995;1;10,2448275862069;10,2448275862069
"ZSCPQ220";"91E0_sf";142767,46;201349,455;"Binnen";"Atlantic";"91E0_sf";"IV2013112711302429";"2013-09-30";2013;1;10,2448275862069;10,2448275862069
"ZSCPQ301";"91E0_sf";109337,23;190289,66;"Binnen";"Atlantic";"91E0_sf";"IV2013071011522912";"2012-08-23";2012;1;10,2448275862069;10,2448275862069
"ZSCPQ301";"91E0_sf";109337,23;190289,66;"Binnen";"Atlantic";"91E0_sf";"IV2014062012014346";"2013-09-03";2013;1;10,2448275862069;10,2448275862069
"ZSCPQ301";"91E0_sf";109337,23;190289,66;"Binnen";"Atlantic";"91E0_sf";"IV2016082615482072";"2016-08-25";2016;1;10,2448275862069;10,2448275862069
"ZSCPQ007";"1330_da";NA;NA;"Binnen";"Atlantic";"1330_da";"IV2014030314334724";"2013-10-16";2013;1;1,63283582089552;1,63283582089552
"ZSCPQ007";"1330_da";NA;NA;"Binnen";"Atlantic";"1330_da";"IV2014100713420044";"1995-08-16";1995;1;1,63283582089552;1,63283582089552
"ZSCPQ009";"1330_da";NA;NA;"Binnen";"Atlantic";"1330_da";"IV2014011316535054";"2013-10-14";2013;1;1,63283582089552;1,63283582089552
"ZSCPQ009";"1330_da";NA;NA;"Binnen";"Atlantic";"1330_da";"IV2014100713541953";"1995-08-20";1995;1;1,63283582089552;1,63283582089552
"ZSCPQ158";"1330_da";NA;NA;"Binnen";"Atlantic";"1330_da";"IV2014030312250246";"2013-10-16";2013;1;1,63283582089552;1,63283582089552
"ZSCPQ158";"1330_da";NA;NA;"Binnen";"Atlantic";"1330_da";"IV2014101309520749";"1995-10-04";1995;1;1,63283582089552;1,63283582089552
"ZSCPQ159";"1330_da";NA;NA;"Binnen";"Atlantic";"1330_da";"IV2014030312272058";"2013-10-16";2013;1;1,63283582089552;1,63283582089552
"ZSCPQ159";"1330_da";NA;NA;"Binnen";"Atlantic";"1330_da";"IV2014101309560024";"1995-10-04";1995;1;1,63283582089552;1,63283582089552
"ZSCPQ160";"1330_da";NA;NA;"Binnen";"Atlantic";"1330_da";"IV2014030312294301";"2013-10-16";2013;1;1,63283582089552;1,63283582089552
"ZSCPQ160";"1330_da";NA;NA;"Binnen";"Atlantic";"1330_da";"IV2014101310092570";"1995-10-04";1995;1;1,63283582089552;1,63283582089552
"ZSCPQ162";"1330_da";NA;NA;"Binnen";"Atlantic";"1330_da";"IV2014030314313598";"2013-10-16";2013;1;1,63283582089552;1,63283582089552
"ZSCPQ162";"1330_da";NA;NA;"Binnen";"Atlantic";"1330_da";"IV2014101310230565";"1995-10-04";1995;1;1,63283582089552;1,63283582089552
"ZSCPQ171";"1330_da";NA;NA;"Binnen";"Atlantic";"1330_da";"IV2014030410161165";"2013-10-18";2013;1;1,63283582089552;1,63283582089552
"ZSCPQ171";"1330_da";NA;NA;"Binnen";"Atlantic";"1330_da";"IV2014101311242728";"1995-10-05";1995;1;1,63283582089552;1,63283582089552
"ZSCPQ172";"1330_da";NA;NA;"Binnen";"Atlantic";"1330_da";"IV2014030411215613";"2013-10-19";2013;1;1,63283582089552;1,63283582089552
"ZSCPQ172";"1330_da";NA;NA;"Binnen";"Atlantic";"1330_da";"IV2014101311295712";"1995-10-05";1995;1;1,63283582089552;1,63283582089552
"ZSCPQ173";"1330_da";NA;NA;"Binnen";"Atlantic";"1330_da";"IV2014030411242385";"2013-10-19";2013;1;1,63283582089552;1,63283582089552
"ZSCPQ173";"1330_da";NA;NA;"Binnen";"Atlantic";"1330_da";"IV2014101311375311";"1995-10-05";1995;1;1,63283582089552;1,63283582089552
"ZSCPQ174";"1330_da";NA;NA;"Binnen";"Atlantic";"1330_da";"IV2014030411281773";"2013-10-19";2013;1;1,63283582089552;1,63283582089552
"ZSCPQ174";"1330_da";NA;NA;"Binnen";"Atlantic";"1330_da";"IV2014101311500760";"1995-10-05";1995;1;1,63283582089552;1,63283582089552
"ZSCPQ175";"1330_da";NA;NA;"Binnen";"Atlantic";"1330_da";"IV2014030411305777";"2013-10-19";2013;1;1,63283582089552;1,63283582089552
"ZSCPQ175";"1330_da";NA;NA;"Binnen";"Atlantic";"1330_da";"IV2014101311570235";"1995-10-05";1995;1;1,63283582089552;1,63283582089552
"ZSCPQ176";"1330_da";NA;NA;"Binnen";"Atlantic";"1330_da";"IV2014030411101491";"2013-10-18";2013;1;1,63283582089552;1,63283582089552
"ZSCPQ176";"1330_da";NA;NA;"Binnen";"Atlantic";"1330_da";"IV2014101312091315";"1995-10-06";1995;1;1,63283582089552;1,63283582089552
"ZSCPQ177";"1330_da";NA;NA;"Binnen";"Atlantic";"1330_da";"IV2014030411130087";"2013-10-18";2013;1;1,63283582089552;1,63283582089552
"ZSCPQ177";"1330_da";NA;NA;"Binnen";"Atlantic";"1330_da";"IV2014101313400263";"1995-10-06";1995;1;1,63283582089552;1,63283582089552
"ZSCPQ178";"1330_da";NA;NA;"Binnen";"Atlantic";"1330_da";"IV2014030411161844";"2013-10-18";2013;1;1,63283582089552;1,63283582089552
"ZSCPQ178";"1330_da";NA;NA;"Binnen";"Atlantic";"1330_da";"IV2014101313450186";"1995-10-06";1995;1;1,63283582089552;1,63283582089552
"ZSCPQ179";"1330_da";NA;NA;"Binnen";"Atlantic";"1330_da";"IV2014030411195942";"2013-10-18";2013;1;1,63283582089552;1,63283582089552
"ZSCPQ179";"1330_da";NA;NA;"Binnen";"Atlantic";"1330_da";"IV2014101313542398";"1995-10-06";1995;1;1,63283582089552;1,63283582089552
"ZSCPQ180";"1330_da";NA;NA;"Binnen";"Atlantic";"1330_da";"IV2014030411342143";"2013-10-19";2013;1;1,63283582089552;1,63283582089552
"ZSCPQ180";"1330_da";NA;NA;"Binnen";"Atlantic";"1330_da";"IV2014101313590723";"1995-10-06";1995;1;1,63283582089552;1,63283582089552
"ZSCPQ181";"1330_da";NA;NA;"Binnen";"Atlantic";"1330_da";"IV2014030411471814";"2013-10-19";2013;1;1,63283582089552;1,63283582089552
"ZSCPQ181";"1330_da";NA;NA;"Binnen";"Atlantic";"1330_da";"IV2014101314090977";"1995-10-06";1995;1;1,63283582089552;1,63283582089552
"ZSCPQ182";"1330_da";NA;NA;"Binnen";"Atlantic";"1330_da";"IV2014030411513397";"2013-10-19";2013;1;1,63283582089552;1,63283582089552
"ZSCPQ182";"1330_da";NA;NA;"Binnen";"Atlantic";"1330_da";"IV2014101314161906";"1995-10-06";1995;1;1,63283582089552;1,63283582089552
"ZSCPQ183";"1330_da";NA;NA;"Binnen";"Atlantic";"1330_da";"IV2014030411544520";"2013-10-19";2013;1;1,63283582089552;1,63283582089552
"ZSCPQ183";"1330_da";NA;NA;"Binnen";"Atlantic";"1330_da";"IV2014101314244127";"1995-10-06";1995;1;1,63283582089552;1,63283582089552
"ZSCPQ184";"1330_da";NA;NA;"Binnen";"Atlantic";"1330_da";"IV2014030314392874";"2013-10-16";2013;1;1,63283582089552;1,63283582089552
"ZSCPQ184";"1330_da";NA;NA;"Binnen";"Atlantic";"1330_da";"IV2014101314403398";"1995-10-09";1995;1;1,63283582089552;1,63283582089552
"ZSCPQ185";"1330_da";NA;NA;"Binnen";"Atlantic";"1330_da";"IV2014030314421473";"2013-10-16";2013;1;1,63283582089552;1,63283582089552
"ZSCPQ185";"1330_da";NA;NA;"Binnen";"Atlantic";"1330_da";"IV2014101314483585";"1995-10-09";1995;1;1,63283582089552;1,63283582089552
"ZSCPQ186";"1330_da";NA;NA;"Binnen";"Atlantic";"1330_da";"IV2014030314594355";"2013-10-16";2013;1;1,63283582089552;1,63283582089552
"ZSCPQ186";"1330_da";NA;NA;"Binnen";"Atlantic";"1330_da";"IV2014101315031728";"1995-10-09";1995;1;1,63283582089552;1,63283582089552
"ZSCPQ188";"1330_da";NA;NA;"Binnen";"Atlantic";"1330_da";"IV2014030315031995";"2013-10-16";2013;1;1,63283582089552;1,63283582089552
"ZSCPQ188";"1330_da";NA;NA;"Binnen";"Atlantic";"1330_da";"IV2014101315221470";"1995-10-09";1995;1;1,63283582089552;1,63283582089552
"ZSCPQ189";"1330_da";NA;NA;"Binnen";"Atlantic";"1330_da";"IV2014030315124036";"2013-10-16";2013;1;1,63283582089552;1,63283582089552
"ZSCPQ189";"1330_da";NA;NA;"Binnen";"Atlantic";"1330_da";"IV2014101315294142";"1995-10-09";1995;1;1,63283582089552;1,63283582089552
"ZSCPQ190";"1330_da";NA;NA;"Binnen";"Atlantic";"1330_da";"IV2014030315161557";"2013-10-16";2013;1;1,63283582089552;1,63283582089552
"ZSCPQ190";"1330_da";NA;NA;"Binnen";"Atlantic";"1330_da";"IV2014101315323789";"1995-10-09";1995;1;1,63283582089552;1,63283582089552
"ZSCPQ192";"1330_da";NA;NA;"Binnen";"Atlantic";"1330_da";"IV2014022511574681";"2013-10-15";2013;1;1,63283582089552;1,63283582089552
"ZSCPQ192";"1330_da";NA;NA;"Binnen";"Atlantic";"1330_da";"IV2014101315450322";"1995-10-10";1995;1;1,63283582089552;1,63283582089552
"ZSCPQ193";"1330_da";NA;NA;"Binnen";"Atlantic";"1330_da";"IV2014022512005570";"2013-10-15";2013;1;1,63283582089552;1,63283582089552
"ZSCPQ193";"1330_da";NA;NA;"Binnen";"Atlantic";"1330_da";"IV2014101315492411";"1995-10-10";1995;1;1,63283582089552;1,63283582089552
"ZSCPQ194";"1330_da";NA;NA;"Binnen";"Atlantic";"1330_da";"IV2014022512030033";"2013-10-15";2013;1;1,63283582089552;1,63283582089552
"ZSCPQ194";"1330_da";NA;NA;"Binnen";"Atlantic";"1330_da";"IV2014101315545123";"1995-10-10";1995;1;1,63283582089552;1,63283582089552
"ZSCPQ195";"1330_da";NA;NA;"Binnen";"Atlantic";"1330_da";"IV2014022512060363";"2013-10-15";2013;1;1,63283582089552;1,63283582089552
"ZSCPQ195";"1330_da";NA;NA;"Binnen";"Atlantic";"1330_da";"IV2014101315581831";"1995-10-10";1995;1;1,63283582089552;1,63283582089552
"ZSCPQ199";"1330_da";NA;NA;"Binnen";"Atlantic";"1330_da";"IV2014030311151333";"2013-10-15";2013;1;1,63283582089552;1,63283582089552
"ZSCPQ199";"1330_da";NA;NA;"Binnen";"Atlantic";"1330_da";"IV2014101316163836";"1995-10-10";1995;1;1,63283582089552;1,63283582089552
"ZSCPQ200";"1330_da";NA;NA;"Binnen";"Atlantic";"1330_da";"IV2014030311211704";"2013-10-15";2013;1;1,63283582089552;1,63283582089552
"ZSCPQ200";"1330_da";NA;NA;"Binnen";"Atlantic";"1330_da";"IV2014101316210292";"1995-10-13";1995;1;1,63283582089552;1,63283582089552
"ZSCPQ201";"1330_da";NA;NA;"Binnen";"Atlantic";"1330_da";"IV2014030311263430";"2013-10-15";2013;1;1,63283582089552;1,63283582089552
"ZSCPQ201";"1330_da";NA;NA;"Binnen";"Atlantic";"1330_da";"IV2014101316244338";"1995-10-13";1995;1;1,63283582089552;1,63283582089552
"ZSCPQ203";"1330_da";NA;NA;"Binnen";"Atlantic";"1330_da";"IV2014030311283135";"2013-10-15";2013;1;1,63283582089552;1,63283582089552
"ZSCPQ203";"1330_da";NA;NA;"Binnen";"Atlantic";"1330_da";"IV2014101316312845";"1995-10-13";1995;1;1,63283582089552;1,63283582089552
"ZSCPQ222";"1330_da";NA;NA;"Binnen";"Atlantic";"1330_da";"IV2013070516275106";"2012-09-26";2012;1;1,63283582089552;1,63283582089552
"ZSCPQ222";"1330_da";NA;NA;"Binnen";"Atlantic";"1330_da";"IV2014011315360763";"2013-10-07";2013;1;1,63283582089552;1,63283582089552
"ZSCPQ222";"1330_da";NA;NA;"Binnen";"Atlantic";"1330_da";"IV2016120512033460";"2016-10-07";2016;1;1,63283582089552;1,63283582089552
"ZSCPQ225";"1330_da";NA;NA;"Binnen";"Atlantic";"1330_da";"IV2013070908573073";"2012-09-26";2012;1;1,63283582089552;1,63283582089552
"ZSCPQ225";"1330_da";NA;NA;"Binnen";"Atlantic";"1330_da";"IV2014011315404492";"2013-10-07";2013;1;1,63283582089552;1,63283582089552
"ZSCPQ225";"1330_da";NA;NA;"Binnen";"Atlantic";"1330_da";"IV2016120513593673";"2016-10-07";2016;1;1,63283582089552;1,63283582089552
"ZSCPQ227";"1330_da";NA;NA;"Binnen";"Atlantic";"1330_da";"IV2013070909043060";"2012-09-26";2012;1;1,63283582089552;1,63283582089552
"ZSCPQ227";"1330_da";NA;NA;"Binnen";"Atlantic";"1330_da";"IV2014011315450812";"2013-10-07";2013;1;1,63283582089552;1,63283582089552
"ZSCPQ227";"1330_da";NA;NA;"Binnen";"Atlantic";"1330_da";"IV2016120516150711";"2016-10-07";2016;1;1,63283582089552;1,63283582089552
"ZSCPQ230";"1330_da";NA;NA;"Binnen";"Atlantic";"1330_da";"IV2013070909104301";"2012-09-26";2012;1;1,63283582089552;1,63283582089552
"ZSCPQ230";"1330_da";NA;NA;"Binnen";"Atlantic";"1330_da";"IV2014011315505423";"2013-10-07";2013;1;1,63283582089552;1,63283582089552
"ZSCPQ230";"1330_da";NA;NA;"Binnen";"Atlantic";"1330_da";"IV2016121209285905";"2016-10-10";2016;1;1,63283582089552;1,63283582089552
"ZSCPQ234";"1330_da";NA;NA;"Binnen";"Atlantic";"1330_da";"IV2013070909254090";"2012-09-26";2012;1;1,63283582089552;1,63283582089552
"ZSCPQ234";"1330_da";NA;NA;"Binnen";"Atlantic";"1330_da";"IV2014011316053103";"2013-10-09";2013;1;1,63283582089552;1,63283582089552
"ZSCPQ234";"1330_da";NA;NA;"Binnen";"Atlantic";"1330_da";"IV2016121210233402";"2016-10-10";2016;1;1,63283582089552;1,63283582089552
"ZSCPQ240";"1330_da";NA;NA;"Binnen";"Atlantic";"1330_da";"IV2013070910074952";"2012-10-03";2012;1;1,63283582089552;1,63283582089552
"ZSCPQ240";"1330_da";NA;NA;"Binnen";"Atlantic";"1330_da";"IV2014011316134838";"2013-10-09";2013;1;1,63283582089552;1,63283582089552
"ZSCPQ240";"1330_da";NA;NA;"Binnen";"Atlantic";"1330_da";"IV2016121211135257";"2016-10-10";2016;1;1,63283582089552;1,63283582089552
"ZSCPQ241";"1330_da";NA;NA;"Binnen";"Atlantic";"1330_da";"IV2013070910125132";"2012-10-03";2012;1;1,63283582089552;1,63283582089552
"ZSCPQ241";"1330_da";NA;NA;"Binnen";"Atlantic";"1330_da";"IV2014011316163049";"2013-10-09";2013;1;1,63283582089552;1,63283582089552
"ZSCPQ241";"1330_da";NA;NA;"Binnen";"Atlantic";"1330_da";"IV2016121213353352";"2016-10-10";2016;1;1,63283582089552;1,63283582089552
"ZSCPQ242";"1330_da";NA;NA;"Binnen";"Atlantic";"1330_da";"IV2013070910180541";"2012-10-03";2012;1;1,63283582089552;1,63283582089552
"ZSCPQ242";"1330_da";NA;NA;"Binnen";"Atlantic";"1330_da";"IV2014011316205332";"2013-10-09";2013;1;1,63283582089552;1,63283582089552
"ZSCPQ242";"1330_da";NA;NA;"Binnen";"Atlantic";"1330_da";"IV2016121213410683";"2016-10-10";2016;1;1,63283582089552;1,63283582089552
"ZSCPQ243";"1330_da";NA;NA;"Binnen";"Atlantic";"1330_da";"IV2013070910213880";"2012-10-03";2012;1;1,63283582089552;1,63283582089552
"ZSCPQ243";"1330_da";NA;NA;"Binnen";"Atlantic";"1330_da";"IV2014011316224635";"2013-10-09";2013;1;1,63283582089552;1,63283582089552
"ZSCPQ243";"1330_da";NA;NA;"Binnen";"Atlantic";"1330_da";"IV2016121213454156";"2016-10-10";2016;1;1,63283582089552;1,63283582089552
"ZSCPQ244";"1330_da";NA;NA;"Binnen";"Atlantic";"1330_da";"IV2013070910265522";"2012-10-03";2012;1;1,63283582089552;1,63283582089552
"ZSCPQ244";"1330_da";NA;NA;"Binnen";"Atlantic";"1330_da";"IV2014011316270681";"2013-10-09";2013;1;1,63283582089552;1,63283582089552
"ZSCPQ244";"1330_da";NA;NA;"Binnen";"Atlantic";"1330_da";"IV2016121214092447";"2016-10-10";2016;1;1,63283582089552;1,63283582089552
"ZSCPQ245";"1330_da";NA;NA;"Binnen";"Atlantic";"1330_da";"IV2013070910322160";"2012-10-02";2012;1;1,63283582089552;1,63283582089552
"ZSCPQ245";"1330_da";NA;NA;"Binnen";"Atlantic";"1330_da";"IV2014011316461461";"2013-10-09";2013;1;1,63283582089552;1,63283582089552
"ZSCPQ245";"1330_da";NA;NA;"Binnen";"Atlantic";"1330_da";"IV2016121214153466";"2016-10-10";2016;1;1,63283582089552;1,63283582089552
"ZSCPQ246";"1330_da";NA;NA;"Binnen";"Atlantic";"1330_da";"IV2013070913454269";"2012-10-08";2012;1;1,63283582089552;1,63283582089552
"ZSCPQ246";"1330_da";NA;NA;"Binnen";"Atlantic";"1330_da";"IV2014011317014960";"2013-10-14";2013;1;1,63283582089552;1,63283582089552
"ZSCPQ246";"1330_da";NA;NA;"Binnen";"Atlantic";"1330_da";"IV2016121215054565";"2016-10-12";2016;1;1,63283582089552;1,63283582089552
"ZSCPQ247";"1330_da";NA;NA;"Binnen";"Atlantic";"1330_da";"IV2013070910360565";"2012-10-08";2012;1;1,63283582089552;1,63283582089552
"ZSCPQ247";"1330_da";NA;NA;"Binnen";"Atlantic";"1330_da";"IV2014011317033027";"2013-10-14";2013;1;1,63283582089552;1,63283582089552
"ZSCPQ247";"1330_da";NA;NA;"Binnen";"Atlantic";"1330_da";"IV2016121215485360";"2016-10-12";2016;1;1,63283582089552;1,63283582089552
"ZSCPQ248";"1330_da";NA;NA;"Binnen";"Atlantic";"1330_da";"IV2013070910395841";"2012-10-08";2012;1;1,63283582089552;1,63283582089552
"ZSCPQ248";"1330_da";NA;NA;"Binnen";"Atlantic";"1330_da";"IV2014011317063744";"2013-10-14";2013;1;1,63283582089552;1,63283582089552
"ZSCPQ248";"1330_da";NA;NA;"Binnen";"Atlantic";"1330_da";"IV2016121215031282";"2016-10-10";2016;1;1,63283582089552;1,63283582089552
"ZSCPQ253";"1330_da";NA;NA;"Binnen";"Atlantic";"1330_da";"IV2013070910520513";"2012-10-08";2012;1;1,63283582089552;1,63283582089552
"ZSCPQ253";"1330_da";NA;NA;"Binnen";"Atlantic";"1330_da";"IV2014011510153321";"2013-10-14";2013;1;1,63283582089552;1,63283582089552
"ZSCPQ253";"1330_da";NA;NA;"Binnen";"Atlantic";"1330_da";"IV2016121215515500";"2016-10-12";2016;1;1,63283582089552;1,63283582089552
"ZSCPQ254";"1330_da";NA;NA;"Binnen";"Atlantic";"1330_da";"IV2013070910553571";"2012-10-08";2012;1;1,63283582089552;1,63283582089552
"ZSCPQ254";"1330_da";NA;NA;"Binnen";"Atlantic";"1330_da";"IV2014011510173858";"2013-10-14";2013;1;1,63283582089552;1,63283582089552
"ZSCPQ254";"1330_da";NA;NA;"Binnen";"Atlantic";"1330_da";"IV2016121215582563";"2016-10-12";2016;1;1,63283582089552;1,63283582089552
"ZSCPQ256";"1330_da";NA;NA;"Binnen";"Atlantic";"1330_da";"IV2013070911053536";"2012-10-08";2012;1;1,63283582089552;1,63283582089552
"ZSCPQ256";"1330_da";NA;NA;"Binnen";"Atlantic";"1330_da";"IV2014011510205166";"2013-10-14";2013;1;1,63283582089552;1,63283582089552
"ZSCPQ256";"1330_da";NA;NA;"Binnen";"Atlantic";"1330_da";"IV2016121216204483";"2016-10-12";2016;1;1,63283582089552;1,63283582089552
"ZSCPQ258";"1330_da";NA;NA;"Binnen";"Atlantic";"1330_da";"IV2013070911110327";"2012-10-08";2012;1;1,63283582089552;1,63283582089552
"ZSCPQ258";"1330_da";NA;NA;"Binnen";"Atlantic";"1330_da";"IV2014011510244883";"2013-10-14";2013;1;1,63283582089552;1,63283582089552
"ZSCPQ258";"1330_da";NA;NA;"Binnen";"Atlantic";"1330_da";"IV2016121216304442";"2016-10-12";2016;1;1,63283582089552;1,63283582089552
"ZSCPQ273";"1330_da";NA;NA;"Binnen";"Atlantic";"1330_da";"IV2013070911181376";"2012-10-10";2012;1;1,63283582089552;1,63283582089552
"ZSCPQ273";"1330_da";NA;NA;"Binnen";"Atlantic";"1330_da";"IV2013112714354557";"2013-10-04";2013;1;1,63283582089552;1,63283582089552
"ZSCPQ273";"1330_da";NA;NA;"Binnen";"Atlantic";"1330_da";"IV2016121216420845";"2016-10-12";2016;1;1,63283582089552;1,63283582089552
"ZSCPQ274";"1330_da";NA;NA;"Binnen";"Atlantic";"1330_da";"IV2013070514353929";"2012-09-25";2012;1;1,63283582089552;1,63283582089552
"ZSCPQ274";"1330_da";NA;NA;"Binnen";"Atlantic";"1330_da";"IV2013112714384332";"2013-10-04";2013;1;1,63283582089552;1,63283582089552
"ZSCPQ274";"1330_da";NA;NA;"Binnen";"Atlantic";"1330_da";"IV2016121216472444";"2016-10-12";2016;1;1,63283582089552;1,63283582089552
"ZSCPQ275";"1330_da";NA;NA;"Binnen";"Atlantic";"1330_da";"IV2013070514565804";"2012-09-25";2012;1;1,63283582089552;1,63283582089552
"ZSCPQ275";"1330_da";NA;NA;"Binnen";"Atlantic";"1330_da";"IV2013112714403448";"2013-10-04";2013;1;1,63283582089552;1,63283582089552
"ZSCPQ275";"1330_da";NA;NA;"Binnen";"Atlantic";"1330_da";"IV2016121311092263";"2016-10-13";2016;1;1,63283582089552;1,63283582089552
"ZSCPQ276";"1330_da";NA;NA;"Binnen";"Atlantic";"1330_da";"IV2013070515045697";"2012-09-25";2012;1;1,63283582089552;1,63283582089552
"ZSCPQ276";"1330_da";NA;NA;"Binnen";"Atlantic";"1330_da";"IV2013112714513426";"2013-10-04";2013;1;1,63283582089552;1,63283582089552
"ZSCPQ276";"1330_da";NA;NA;"Binnen";"Atlantic";"1330_da";"IV2016121311132055";"2016-10-13";2016;1;1,63283582089552;1,63283582089552
"ZSCPQ277";"1330_da";NA;NA;"Binnen";"Atlantic";"1330_da";"IV2013070515115854";"2012-09-25";2012;1;1,63283582089552;1,63283582089552
"ZSCPQ277";"1330_da";NA;NA;"Binnen";"Atlantic";"1330_da";"IV2013112714553235";"2013-10-04";2013;1;1,63283582089552;1,63283582089552
"ZSCPQ277";"1330_da";NA;NA;"Binnen";"Atlantic";"1330_da";"IV2016121311161785";"2016-10-13";2016;1;1,63283582089552;1,63283582089552
"ZSCPQ278";"1330_da";NA;NA;"Binnen";"Atlantic";"1330_da";"IV2013070515292304";"2012-09-25";2012;1;1,63283582089552;1,63283582089552
"ZSCPQ278";"1330_da";NA;NA;"Binnen";"Atlantic";"1330_da";"IV2013112714593329";"2013-10-04";2013;1;1,63283582089552;1,63283582089552
"ZSCPQ278";"1330_da";NA;NA;"Binnen";"Atlantic";"1330_da";"IV2016121311063584";"2016-10-13";2016;1;1,63283582089552;1,63283582089552
"ZSCPQ279";"1330_da";NA;NA;"Binnen";"Atlantic";"1330_da";"IV2013070515363839";"2012-09-25";2012;1;1,63283582089552;1,63283582089552
"ZSCPQ279";"1330_da";NA;NA;"Binnen";"Atlantic";"1330_da";"IV2013112715024820";"2013-10-04";2013;1;1,63283582089552;1,63283582089552
"ZSCPQ279";"1330_da";NA;NA;"Binnen";"Atlantic";"1330_da";"IV2016121311022634";"2016-10-13";2016;1;1,63283582089552;1,63283582089552
"ZSCPQ281";"1330_da";NA;NA;"Binnen";"Atlantic";"1330_da";"IV2013070515451409";"2012-09-25";2012;1;1,63283582089552;1,63283582089552
"ZSCPQ281";"1330_da";NA;NA;"Binnen";"Atlantic";"1330_da";"IV2014011314391446";"2013-10-04";2013;1;1,63283582089552;1,63283582089552
"ZSCPQ281";"1330_da";NA;NA;"Binnen";"Atlantic";"1330_da";"IV2016121310554931";"2016-10-13";2016;1;1,63283582089552;1,63283582089552
"ZSCPQ282";"1330_da";NA;NA;"Binnen";"Atlantic";"1330_da";"IV2013070515513858";"2012-09-25";2012;1;1,63283582089552;1,63283582089552
"ZSCPQ282";"1330_da";NA;NA;"Binnen";"Atlantic";"1330_da";"IV2014011314452030";"2013-10-04";2013;1;1,63283582089552;1,63283582089552
"ZSCPQ282";"1330_da";NA;NA;"Binnen";"Atlantic";"1330_da";"IV2016121310504390";"2016-10-13";2016;1;1,63283582089552;1,63283582089552
"ZSCPQ283";"1330_da";NA;NA;"Binnen";"Atlantic";"1330_da";"IV2013070515583172";"2012-09-25";2012;1;1,63283582089552;1,63283582089552
"ZSCPQ283";"1330_da";NA;NA;"Binnen";"Atlantic";"1330_da";"IV2014011314475087";"2013-10-04";2013;1;1,63283582089552;1,63283582089552
"ZSCPQ283";"1330_da";NA;NA;"Binnen";"Atlantic";"1330_da";"IV2016121310230621";"2016-10-13";2016;1;1,63283582089552;1,63283582089552
"ZSCPQ284";"1330_da";NA;NA;"Binnen";"Atlantic";"1330_da";"IV2013070516010967";"2012-09-25";2012;1;1,63283582089552;1,63283582089552
"ZSCPQ284";"1330_da";NA;NA;"Binnen";"Atlantic";"1330_da";"IV2014011314530019";"2013-10-04";2013;1;1,63283582089552;1,63283582089552
"ZSCPQ284";"1330_da";NA;NA;"Binnen";"Atlantic";"1330_da";"IV2016121310255731";"2016-10-13";2016;1;1,63283582089552;1,63283582089552
"ZSCPQ285";"1330_da";NA;NA;"Binnen";"Atlantic";"1330_da";"IV2013070516102904";"2012-09-25";2012;1;1,63283582089552;1,63283582089552
"ZSCPQ285";"1330_da";NA;NA;"Binnen";"Atlantic";"1330_da";"IV2014011315021084";"2013-10-04";2013;1;1,63283582089552;1,63283582089552
"ZSCPQ285";"1330_da";NA;NA;"Binnen";"Atlantic";"1330_da";"IV2016121310284262";"2016-10-13";2016;1;1,63283582089552;1,63283582089552
"ZSCPQ303";"1330_da";NA;NA;"Binnen";"Atlantic";"1330_da";"IV2013101411571056";"2013-10-07";2013;1;1,63283582089552;1,63283582089552
"ZSCPQ306";"1330_da";NA;NA;"Binnen";"Atlantic";"1330_da";"IV2013101412215753";"2013-10-07";2013;1;1,63283582089552;1,63283582089552
"ZSCPQ307";"1330_da";NA;NA;"Binnen";"Atlantic";"1330_da";"IV2013101412250708";"2013-10-07";2013;1;1,63283582089552;1,63283582089552
"ZSCPQ314";"1330_da";NA;NA;"Binnen";"Atlantic";"1330_da";"IV2013101412450936";"2013-10-07";2013;1;1,63283582089552;1,63283582089552
