"Meetnet";"IDPlots";"IDSegments";"HabCode";"Phab";"SBZH";"Regio";"PlotWeight";"SegmentWeight";"X_coord";"Y_coord";"ID";"Habitattype";"Weight";"StratumWeight";"StratumWeight_std";"WeightComb"
"VBI2";26148;1;"9120";100;"Buiten";"Atlantic";0,92;0,978260869565217;173915,161856;238657,880856;"VBI226148";"9120";0,9;66,6438016528926;1,08658788131202;0,977929093180815
"VBI2";35106;1;"91E0_vn";70;"Buiten";"Atlantic";1;1;195942,112856;241179,855856;"VBI235106";"91E0_vn";1;59,7625;1;1
"VBI2";35157;1;"9190";50;"Buiten";"Atlantic";0,83;1;198942,2;238179,8;"VBI235157";"9190";0,83;75,7607142857143;1,32471960632478;1,09951727324957
"VBI2";74049;1;"91E0_vo";100;"Binnen";"Atlantic";0,89;0,842696629213483;154942,051856;234680,017856;"VBI274049";"91E0_vo";0,75;27,7333333333333;1;0,75
"VBI2";74050;1;"9190";50;"Binnen";"Atlantic";0,93;1;155957,456856;234681,438856;"VBI274050";"9190";0,93;57,19;1;0,93
"VBI2";74067;1;"9190";70;"Buiten";"Atlantic";1;1;156911,421856;233681,597856;"VBI274067";"9190";1;75,7607142857143;1,32471960632478;1,32471960632478
"VBI2";74090;1;"9190";100;"Binnen";"Atlantic";1;1;155942,304856;232179,769856;"VBI274090";"9190";1;57,19;1;1
"VBI2";74143;1;"9120";100;"Buiten";"Atlantic";1;1;160934,797856;229178,790856;"VBI274143";"9120";1;66,6438016528926;1,08658788131202;1,08658788131202
"VBI2";77038;1;"9190";70;"Buiten";"Atlantic";1;1;151942,009856;225679,730856;"VBI277038";"9190";1;75,7607142857143;1,32471960632478;1,32471960632478
"VBI2";78041;1;"9190";100;"Buiten";"Atlantic";1;1;154942,051856;225179,664856;"VBI278041";"9190";1;75,7607142857143;1,32471960632478;1,32471960632478
"VBI2";78044;1;"9190";50;"Binnen";"Atlantic";1;1;157946,360856;225181,771856;"VBI278044";"9190";1;57,19;1;1
"VBI2";78046;1;"9190";100;"Binnen";"Atlantic";1;1;159885,990856;225192,594856;"VBI278046";"9190";1;57,19;1;1
"VBI2";78059;1;"9190";100;"Buiten";"Atlantic";1;0,52;156942,036856;224180,253856;"VBI278059";"9190";0,52;75,7607142857143;1,32471960632478;0,688854195288887
"VBI2";78060;1;"9190";50;"Buiten";"Atlantic";1;1;157942,181856;224179,823856;"VBI278060";"9190";1;75,7607142857143;1,32471960632478;1,32471960632478
"VBI2";78135;1;"9190";50;"Binnen";"Atlantic";0,8;1;160941,999856;219679,877856;"VBI278135";"9190";0,8;57,19;1;0,8
"VBI2";78148;1;"9120";100;"Buiten";"Atlantic";1;1;157981,820856;218644,021856;"VBI278148";"9120";1;66,6438016528926;1,08658788131202;1,08658788131202
"VBI2";78156;1;"9120";100;"Binnen";"Atlantic";1;1;157942,100856;218179,929856;"VBI278156";"9120";1;61,3330985915493;1;1
"VBI2";81133;1;"9190";70;"Binnen";"Atlantic";1;1;166958,294856;229700,773856;"VBI281133";"9190";1;57,19;1;1
"VBI2";84016;1;"91E0_vn";100;"Buiten";"Atlantic";1;1;193956,439856;237160,626856;"VBI284016";"91E0_vn";1;59,7625;1;1
"VBI2";85126;1;"9120";70;"Buiten";"Atlantic";1;1;167942,107856;220179,806856;"VBI285126";"9120";1;66,6438016528926;1,08658788131202;1,08658788131202
"VBI2";85147;1;"9120";100;"Buiten";"Atlantic";1;1;164942,138856;218679,721856;"VBI285147";"9120";1;66,6438016528926;1,08658788131202;1,08658788131202
"VBI2";85155;1;"9190";50;"Buiten";"Atlantic";1;1;164941,902856;218179,629856;"VBI285155";"9190";1;75,7607142857143;1,32471960632478;1,32471960632478
"VBI2";86145;1;"9120";100;"Buiten";"Atlantic";0,72;1;170942,419856;218679,790856;"VBI286145";"9120";0,72;66,6438016528926;1,08658788131202;0,782343274544652
"VBI2";88040;1;"9190";100;"Binnen";"Atlantic";1;1;193942,063856;225679,886856;"VBI288040";"9190";1;57,19;1;1
"VBI2";88113;1;"9120";60;"Binnen";"Atlantic";1;1;186934,083856;220690,507856;"VBI288113";"9120";1;61,3330985915493;1;1
"VBI2";88121;1;"9190";100;"Binnen";"Atlantic";1;1;186944,565856;220176,204856;"VBI288121";"9190";1;57,19;1;1
"VBI2";88123;1;"9190";95;"Binnen";"Atlantic";1;1;188942,289856;220179,876856;"VBI288123";"9190";1;57,19;1;1
"VBI2";88129;1;"9120";100;"Binnen";"Atlantic";1,01;0,415841584158416;186942,220856;219679,685856;"VBI288129";"9120";0,42;61,3330985915493;1;0,42
"VBI2";88134;1;"9190";70;"Buiten";"Atlantic";1;1;191921,284856;219696,690856;"VBI288134";"9190";1;75,7607142857143;1,32471960632478;1,32471960632478
"VBI2";88144;1;"91E0_vm";100;"Binnen";"Atlantic";0,87;1;193942,378856;219179,694856;"VBI288144";"91E0_vm";0,87;68,8035714285714;1;0,87
"VBI2";88155;1;"9190";100;"Binnen";"Atlantic";0,81;0,938271604938272;188942,222856;218179,814856;"VBI288155";"9190";0,76;57,19;1;0,76
"VBI2";88156;1;"91E0_vm";100;"Binnen";"Atlantic";1;1;189942,397856;218179,493856;"VBI288156";"91E0_vm";1;68,8035714285714;1;1
"VBI2";88160;1;"91E0_vm";80;"Binnen";"Atlantic";1;1;193942,149856;218179,953856;"VBI288160";"91E0_vm";1;68,8035714285714;1;1
"VBI2";91017;1;"9190";50;"Buiten";"Atlantic";1;1;194951,116856;236681,805856;"VBI291017";"9190";1;75,7607142857143;1,32471960632478;1,32471960632478
"VBI2";95001;1;"9190";100;"Binnen";"Atlantic";1;1;194942,246856;227679,936856;"VBI295001";"9190";1;57,19;1;1
"VBI2";95041;1;"91E0_vo";100;"Binnen";"Atlantic";1;1;194936,656856;225186,297856;"VBI295041";"91E0_vo";1;27,7333333333333;1;1
"VBI2";96073;1;"9190";100;"Binnen";"Atlantic";0,5;1;202942,150856;223179,857856;"VBI296073";"9190";0,5;57,19;1;0,5
"VBI2";96103;1;"9120";100;"Binnen";"Atlantic";1;1;208939,400856;221693,411856;"VBI296103";"9120";1;61,3330985915493;1;1
"VBI2";96137;1;"9190";70;"Buiten";"Atlantic";0,89;1;202942,214856;219179,784856;"VBI296137";"9190";0,89;75,7607142857143;1,32471960632478;1,17900044962906
"VBI2";131044;1;"9120";100;"Buiten";"Atlantic";0,87;0,781609195402299;69942,19;215179,8;"VBI2131044";"9120";0,68;66,6438016528926;1,08658788131202;0,738879759292171
"VBI2";132097;1;"9120";100;"Buiten";"Atlantic";1;1;74952,577856;211698,093856;"VBI2132097";"9120";1;66,6438016528926;1,08658788131202;1,08658788131202
"VBI2";133153;1;"91E0_va";100;"Binnen";"Atlantic";1;1;82942,273856;208179,840856;"VBI2133153";"91E0_va";1;52,8133333333333;1;1
"VBI2";135081;1;"9120";100;"Buiten";"Atlantic";0,58;0,655172413793103;66942,19;202679,8;"VBI2135081";"9120";0,38;66,6438016528926;1,08658788131202;0,412903394898566
"VBI2";135082;1;"9120";100;"Buiten";"Atlantic";1;0,25;67942,19;202679,8;"VBI2135082";"9120";0,25;66,6438016528926;1,08658788131202;0,271646970328004
"VBI2";135083;1;"9120";100;"Buiten";"Atlantic";0,83;1;68942,19;202679,8;"VBI2135083";"9120";0,83;66,6438016528926;1,08658788131202;0,901867941488974
"VBI2";135098;1;"9120";100;"Buiten";"Atlantic";1;1;67942,19;201679,8;"VBI2135098";"9120";1;66,6438016528926;1,08658788131202;1,08658788131202
"VBI2";135099;1;"9120";100;"Buiten";"Atlantic";0,87;1;68942,19;201679,8;"VBI2135099";"9120";0,87;66,6438016528926;1,08658788131202;0,945331456741454
"VBI2";135132;1;"9120";100;"Buiten";"Atlantic";1;1;69942,19;199679,8;"VBI2135132";"9120";1;66,6438016528926;1,08658788131202;1,08658788131202
"VBI2";136040;1;"9120";100;"Buiten";"Atlantic";1;1;81942,036856;205679,796856;"VBI2136040";"9120";1;66,6438016528926;1,08658788131202;1,08658788131202
"VBI2";136102;1;"9120";100;"Buiten";"Atlantic";0,82;1;79942,028856;201679,773856;"VBI2136102";"9120";0,82;66,6438016528926;1,08658788131202;0,891002062675853
"VBI2";136113;1;"9120";100;"Binnen";"Atlantic";1;1;74938,040856;200657,610856;"VBI2136113";"9120";1;61,3330985915493;1;1
"VBI2";136114;1;"9120";100;"Binnen";"Atlantic";0,88;1;75942,396856;200680,008856;"VBI2136114";"9120";0,88;61,3330985915493;1;0,88
"VBI2";136121;1;"9120";100;"Binnen";"Atlantic";1;0,8;74942,288856;200179,935856;"VBI2136121";"9120";0,8;61,3330985915493;1;0,8
"VBI2";137010;1;"91E0_va";100;"Binnen";"Atlantic";1;1;83942,341856;207178,391856;"VBI2137010";"91E0_va";1;52,8133333333333;1;1
"VBI2";137011;1;"9120";100;"Buiten";"Atlantic";1;1;84942,088856;207179,740856;"VBI2137011";"9120";1;66,6438016528926;1,08658788131202;1,08658788131202
"VBI2";137028;1;"9120";100;"Binnen";"Atlantic";1;1;85947,709856;206174,672856;"VBI2137028";"9120";1;61,3330985915493;1;1
"VBI2";137035;1;"9120";100;"Binnen";"Atlantic";1;1;84927,085856;205679,342856;"VBI2137035";"9120";1;61,3330985915493;1;1
"VBI2";137037;1;"9120";100;"Binnen";"Atlantic";1;1;86956,086856;205668,209856;"VBI2137037";"9120";1;61,3330985915493;1;1
"VBI2";137052;1;"9120";100;"Binnen";"Atlantic";1;1;85924,489856;204675,592856;"VBI2137052";"9120";1;61,3330985915493;1;1
"VBI2";137053;1;"9120";100;"Binnen";"Atlantic";1;1;86937,185856;204667,368856;"VBI2137053";"9120";1;61,3330985915493;1;1
"VBI2";137054;1;"9120";100;"Binnen";"Atlantic";1;1;87943,293856;204677,629856;"VBI2137054";"9120";1;61,3330985915493;1;1
"VBI2";137060;1;"9120";100;"Binnen";"Atlantic";1;1;85946,226856;204180,232856;"VBI2137060";"9120";1;61,3330985915493;1;1
"VBI2";138019;1;"9120";100;"Binnen";"Atlantic";1;1;92936,765856;206686,821856;"VBI2138019";"9120";1;61,3330985915493;1;1
"VBI2";138020;1;"9120";95;"Binnen";"Atlantic";0,79;1;93941,988856;206679,980856;"VBI2138020";"9120";0,79;61,3330985915493;1;0,79
"VBI2";138020;1;"9120";95;"Binnen";"Atlantic";0,79;1;93958,502856;206688,138856;"VBI2138020";"9120";0,79;61,3330985915493;1;0,79
"VBI2";138027;1;"9120";100;"Binnen";"Atlantic";1;1;92942,957856;206180,985856;"VBI2138027";"9120";1;61,3330985915493;1;1
"VBI2";138028;1;"9120";100;"Binnen";"Atlantic";0,83;0,216867469879518;93942,952856;206176,795856;"VBI2138028";"9120";0,18;61,3330985915493;1;0,18
"VBI2";138036;1;"9120";100;"Binnen";"Atlantic";1;1;93939,918856;205685,748856;"VBI2138036";"9120";1;61,3330985915493;1;1
"VBI2";138097;1;"9120";100;"Buiten";"Atlantic";0,82;1;90939,576856;201676,874856;"VBI2138097";"9120";0,82;66,6438016528926;1,08658788131202;0,891002062675853
"VBI2";138098;1;"9120";100;"Buiten";"Atlantic";1;1;91942,341856;201679,477856;"VBI2138098";"9120";1;66,6438016528926;1,08658788131202;1,08658788131202
"VBI2";142137;1;"9120";100;"Buiten";"Atlantic";0,78;1;106942,2;209179,8;"VBI2142137";"9120";0,78;66,6438016528926;1,08658788131202;0,847538547423373
"VBI2";144048;1;"9120";70;"Binnen";"Atlantic";1;1;129942,163856;215179,594856;"VBI2144048";"9120";1;61,3330985915493;1;1
"VBI2";144055;1;"9120";60;"Binnen";"Atlantic";0,87;1;128942,312856;214680,012856;"VBI2144055";"9120";0,87;61,3330985915493;1;0,87
"VBI2";144056;1;"9120";100;"Binnen";"Atlantic";0,86;1;129942,300856;214679,691856;"VBI2144056";"9120";0,86;61,3330985915493;1;0,86
"VBI2";147004;1;"9120";100;"Binnen";"Atlantic";1;1;117942,273856;207679,822856;"VBI2147004";"9120";1;61,3330985915493;1;1
"VBI2";147049;1;"91E0_va";100;"Binnen";"Atlantic";0,8;1;114942,086856;204679,782856;"VBI2147049";"91E0_va";0,8;52,8133333333333;1;0,8
"VBI2";147059;1;"9120";100;"Binnen";"Atlantic";1;1;116937,652856;204177,217856;"VBI2147059";"9120";1;61,3330985915493;1;1
"VBI2";147067;1;"9120";100;"Binnen";"Atlantic";1;1;116942,198856;203679,866856;"VBI2147067";"9120";1;61,3330985915493;1;1
"VBI2";147068;1;"91E0_va";100;"Binnen";"Atlantic";1;1;117942,331856;203677,691856;"VBI2147068";"91E0_va";1;52,8133333333333;1;1
"VBI2";147141;1;"91E0_vn";100;"Buiten";"Atlantic";0,87;1;118942,151856;199179,747856;"VBI2147141";"91E0_vn";0,87;59,7625;1;0,87
"VBI2";148018;1;"91E0_vm";100;"Binnen";"Atlantic";1;1;123938,575856;206670,131856;"VBI2148018";"91E0_vm";1;68,8035714285714;1;1
"VBI2";148025;1;"91E0_vn";70;"Binnen";"Atlantic";0,91;1;122942,057856;206179,876856;"VBI2148025";"91E0_vn";0,91;124,157142857143;2,0775091881555;1,8905333612215
"VBI2";148087;1;"9120";100;"Buiten";"Atlantic";1;1;128942,308856;202679,811856;"VBI2148087";"9120";1;66,6438016528926;1,08658788131202;1,08658788131202
"VBI2";148095;1;"9120";70;"Buiten";"Atlantic";1;1;128950,007856;202179,574856;"VBI2148095";"9120";1;66,6438016528926;1,08658788131202;1,08658788131202
"VBI2";154004;1;"9120";100;"Buiten";"Atlantic";1;1;157942,045856;217679,616856;"VBI2154004";"9120";1;66,6438016528926;1,08658788131202;1,08658788131202
"VBI2";154013;1;"9190";100;"Buiten";"Atlantic";1;1;158942,067856;217179,807856;"VBI2154013";"9190";1;75,7607142857143;1,32471960632478;1,32471960632478
"VBI2";154019;1;"9190";100;"Buiten";"Atlantic";1;1;156923,672856;216679,964856;"VBI2154019";"9190";1;75,7607142857143;1,32471960632478;1,32471960632478
"VBI2";154032;1;"9120";70;"Buiten";"Atlantic";0,85;0,929411764705882;161942,403856;216179,621856;"VBI2154032";"9120";0,79;66,6438016528926;1,08658788131202;0,858404426236493
"VBI2";154072;1;"9120";70;"Buiten";"Atlantic";1;1;161941,888856;213679,953856;"VBI2154072";"9120";1;66,6438016528926;1,08658788131202;1,08658788131202
"VBI2";154091;1;"9120";100;"Buiten";"Atlantic";1;1;156942,102856;212179,646856;"VBI2154091";"9120";1;66,6438016528926;1,08658788131202;1,08658788131202
"VBI2";154101;1;"9120";100;"Buiten";"Atlantic";0,79;1;158942,330856;211679,792856;"VBI2154101";"9120";0,79;66,6438016528926;1,08658788131202;0,858404426236493
"VBI2";155139;1;"91E0_sf";100;"Binnen";"Atlantic";0,75;1;132942,343856;199179,792856;"VBI2155139";"91E0_sf";0,75;297,1;1;0,75
"VBI2";157029;1;"9120";100;"Binnen";"Atlantic";1;1;150913,633856;206183,253856;"VBI2157029";"9120";1;61,3330985915493;1;1
"VBI2";157051;1;"9120";100;"Buiten";"Atlantic";0,58;1;148942,219856;204679,847856;"VBI2157051";"9120";0,58;66,6438016528926;1,08658788131202;0,63022097116097
"VBI2";157054;1;"9120";100;"Buiten";"Atlantic";0,69;1;151942,326856;204679,727856;"VBI2157054";"9120";0,69;66,6438016528926;1,08658788131202;0,749745638105291
"VBI2";157063;1;"9120";100;"Buiten";"Atlantic";1;1;152942,254856;204179,833856;"VBI2157063";"9120";1;66,6438016528926;1,08658788131202;1,08658788131202
"VBI2";157084;1;"9120";100;"Buiten";"Atlantic";1;1;149916,526856;202692,485856;"VBI2157084";"9120";1;66,6438016528926;1,08658788131202;1,08658788131202
"VBI2";157091;1;"9120";100;"Buiten";"Atlantic";0,84;1;148941,864856;202180,041856;"VBI2157091";"9120";0,84;66,6438016528926;1,08658788131202;0,912733820302094
"VBI2";157138;1;"91E0_vn";100;"Buiten";"Atlantic";1;0,65;147943,337856;199179,186856;"VBI2157138";"91E0_vn";0,65;59,7625;1;0,65
"VBI2";158033;1;"9120";70;"Buiten";"Atlantic";1;1;154890,023856;205707,374856;"VBI2158033";"9120";1;66,6438016528926;1,08658788131202;1,08658788131202
"VBI2";158069;1;"9160";100;"Binnen";"Atlantic";1;1;158942,061856;203679,799856;"VBI2158069";"9160";1;73,8259259259259;1;1
"VBI2";158103;1;"9120";100;"Binnen";"Atlantic";1;1;160909,899856;201641,263856;"VBI2158103";"9120";1;61,3330985915493;1;1
"VBI2";158118;1;"91E0_va";100;"Buiten";"Atlantic";1;1;159942,510856;200679,732856;"VBI2158118";"91E0_va";1;106,804761904762;2,02230677678797;2,02230677678797
"VBI2";161033;1;"9190";70;"Buiten";"Atlantic";1;0,22;162942,244856;215679,930856;"VBI2161033";"9190";0,22;75,7607142857143;1,32471960632478;0,291438313391452
"VBI2";161082;1;"9120";70;"Buiten";"Atlantic";1;1;163946,648856;212683,129856;"VBI2161082";"9120";1;66,6438016528926;1,08658788131202;1,08658788131202
"VBI2";161085;1;"9120";100;"Binnen";"Atlantic";1;1;166942,036856;212679,775856;"VBI2161085";"9120";1;61,3330985915493;1;1
"VBI2";161093;1;"9120";100;"Buiten";"Atlantic";1;1;166949,570856;212170,443856;"VBI2161093";"9120";1;66,6438016528926;1,08658788131202;1,08658788131202
"VBI2";161095;1;"91E0_vm";80;"Binnen";"Atlantic";1;1;168942,186856;212179,728856;"VBI2161095";"91E0_vm";1;68,8035714285714;1;1
"VBI2";161102;1;"91E0_va";100;"Binnen";"Atlantic";NA;NA;167944,433856;211681,525856;"VBI2161102";"91E0_va";1;52,8133333333333;1;1
"VBI2";161111;1;"9120";100;"Binnen";"Atlantic";1;0,84;168941,998856;211179,849856;"VBI2161111";"9120";0,84;61,3330985915493;1;0,84
"VBI2";161114;1;"91E0_va";100;"Binnen";"Atlantic";1;1;163942,033856;210679,833856;"VBI2161114";"91E0_va";1;52,8133333333333;1;1
"VBI2";161129;1;"91E0_va";100;"Binnen";"Atlantic";0,98;0,969387755102041;162952,720856;209679,750856;"VBI2161129";"91E0_va";0,95;52,8133333333333;1;0,95
"VBI2";161130;1;"91E0_va";100;"Binnen";"Atlantic";1;1;163946,698856;209669,732856;"VBI2161130";"91E0_va";1;52,8133333333333;1;1
"VBI2";161132;1;"9120";100;"Buiten";"Atlantic";1;1;165933,673856;209681,420856;"VBI2161132";"9120";1;66,6438016528926;1,08658788131202;1,08658788131202
"VBI2";161133;1;"9120";100;"Buiten";"Atlantic";1;0,44;166942,139856;209680,111856;"VBI2161133";"9120";0,44;66,6438016528926;1,08658788131202;0,478098667777287
"VBI2";162019;1;"9120";80;"Binnen";"Atlantic";1;1;172921,282856;216616,692856;"VBI2162019";"9120";1;61,3330985915493;1;1
"VBI2";162025;1;"9120";70;"Buiten";"Atlantic";1;0,78;170944,597856;216168,140856;"VBI2162025";"9120";0,78;66,6438016528926;1,08658788131202;0,847538547423373
"VBI2";162027;1;"9190";70;"Binnen";"Atlantic";1;1;172942,400856;216179,767856;"VBI2162027";"9190";1;57,19;1;1
"VBI2";162035;1;"9120";100;"Binnen";"Atlantic";1;1;172914,007856;215681,125856;"VBI2162035";"9120";1;61,3330985915493;1;1
"VBI2";162042;1;"9120";100;"Binnen";"Atlantic";1;1;171942,924856;215172,295856;"VBI2162042";"9120";1;61,3330985915493;1;1
"VBI2";162043;1;"9120";100;"Binnen";"Atlantic";0,78;0,641025641025641;172941,064856;215179,048856;"VBI2162043";"9120";0,5;61,3330985915493;1;0,5
"VBI2";162051;1;"91E0_va";100;"Buiten";"Atlantic";0,95;1;172941,669856;214681,007856;"VBI2162051";"91E0_va";0,95;106,804761904762;2,02230677678797;1,92119143794857
"VBI2";162090;1;"9160";50;"Binnen";"Atlantic";1;1;171935,362856;212182,215856;"VBI2162090";"9160";1;73,8259259259259;1;1
"VBI2";162090;1;"9120";50;"Binnen";"Atlantic";1;1;171935,362856;212182,215856;"VBI2162090";"9120";1;61,3330985915493;1;1
"VBI2";162098;1;"9160";60;"Binnen";"Atlantic";1;1;171942,380856;211679,750856;"VBI2162098";"9160";1;73,8259259259259;1;1
"VBI2";162100;1;"9120";100;"Buiten";"Atlantic";1;1;173960,719856;211656,312856;"VBI2162100";"9120";1;66,6438016528926;1,08658788131202;1,08658788131202
"VBI2";162129;1;"9120";100;"Binnen";"Atlantic";1;1;170948,803856;209708,047856;"VBI2162129";"9120";1;61,3330985915493;1;1
"VBI2";163058;1;"91E0_vm";100;"Binnen";"Atlantic";1;1;179942,2;214179,8;"VBI2163058";"91E0_vm";1;68,8035714285714;1;1
"VBI2";163147;1;"9120";70;"Buiten";"Atlantic";1;1;180942,2;208679,8;"VBI2163147";"9120";1;66,6438016528926;1,08658788131202;1,08658788131202
"VBI2";164124;1;"91E0_vm";70;"Binnen";"Atlantic";0,77;1;189942,157856;210179,890856;"VBI2164124";"91E0_vm";0,77;68,8035714285714;1;0,77
"VBI2";164126;1;"9190";80;"Buiten";"Atlantic";0,52;1;191942,140856;210179,743856;"VBI2164126";"9190";0,52;75,7607142857143;1,32471960632478;0,688854195288887
"VBI2";165046;1;"9190";100;"Buiten";"Atlantic";1;1;167942,2;205179,8;"VBI2165046";"9190";1;75,7607142857143;1,32471960632478;1,32471960632478
"VBI2";166092;1;"9120";100;"Buiten";"Atlantic";1;1;173945,961856;202145,671856;"VBI2166092";"9120";1;66,6438016528926;1,08658788131202;1,08658788131202
"VBI2";166156;1;"9120";100;"Buiten";"Atlantic";1;1;173939,181856;198186,140856;"VBI2166156";"9120";1;66,6438016528926;1,08658788131202;1,08658788131202
"VBI2";167001;1;"9120";100;"Binnen";"Atlantic";1;1;178942,2;207679,8;"VBI2167001";"9120";1;61,3330985915493;1;1
"VBI2";167132;1;"9120";100;"Buiten";"Atlantic";1;1;181942,2;199679,8;"VBI2167132";"9120";1;66,6438016528926;1,08658788131202;1,08658788131202
"VBI2";167133;1;"9120";60;"Buiten";"Atlantic";0,92;0,91304347826087;182942,2;199679,8;"VBI2167133";"9120";0,84;66,6438016528926;1,08658788131202;0,912733820302094
"VBI2";167136;1;"9120";100;"Buiten";"Atlantic";1;1;185942,2;199679,8;"VBI2167136";"9120";1;66,6438016528926;1,08658788131202;1,08658788131202
"VBI2";168107;1;"9120";70;"Buiten";"Atlantic";0,98;1;188942,142856;201179,876856;"VBI2168107";"9120";0,98;66,6438016528926;1,08658788131202;1,06485612368578
"VBI2";168147;1;"9190";70;"Buiten";"Atlantic";1;0,21;188942,204856;198679,819856;"VBI2168147";"9190";0,21;75,7607142857143;1,32471960632478;0,278191117328204
"VBI2";172052;1;"91E0_vm";50;"Binnen";"Atlantic";1;1;205942,195856;214679,875856;"VBI2172052";"91E0_vm";1;68,8035714285714;1;1
"VBI2";172052;1;"91E0_vo";50;"Binnen";"Atlantic";1;1;205942,195856;214679,875856;"VBI2172052";"91E0_vo";1;27,7333333333333;1;1
"VBI2";172060;1;"9190";100;"Buiten";"Atlantic";0,58;1;205942,187856;214179,897856;"VBI2172060";"9190";0,58;75,7607142857143;1,32471960632478;0,768337371668373
"VBI2";172088;1;"91E0";90;"Buiten";"Atlantic";1;1;209942,135856;212679,988856;"VBI2172088";"91E0";1;57,7;1,43532338308458;1,43532338308458
"VBI2";172099;1;"91E0_vo";50;"Binnen";"Atlantic";1;1;204942,241856;211679,877856;"VBI2172099";"91E0_vo";1;27,7333333333333;1;1
"VBI2";172100;1;"91E0_vm";70;"Binnen";"Atlantic";1;1;205942,169856;211679,914856;"VBI2172100";"91E0_vm";1;68,8035714285714;1;1
"VBI2";173155;1;"91E0_vo";100;"Binnen";"Atlantic";0,97;0,0515463917525773;212919,089856;208176,544856;"VBI2173155";"91E0_vo";0,05;27,7333333333333;1;0,05
"VBI2";175007;1;"91E0_vn";100;"Buiten";"Atlantic";1;1;200942,101856;207679,784856;"VBI2175007";"91E0_vn";1;59,7625;1;1
"VBI2";175008;1;"91E0_vn";100;"Buiten";"Atlantic";1;1;201922,786856;207683,723856;"VBI2175008";"91E0_vn";1;59,7625;1;1
"VBI2";175051;1;"91E0_vn";70;"Binnen";"Atlantic";0,57;1;196942,141856;204679,828856;"VBI2175051";"91E0_vn";0,57;124,157142857143;2,0775091881555;1,18418023724863
"VBI2";175130;1;"9190";100;"Buiten";"Atlantic";1;1;195938,065856;199684,606856;"VBI2175130";"9190";1;75,7607142857143;1,32471960632478;1,32471960632478
"VBI2";175146;1;"91E0_vm";100;"Buiten";"Atlantic";0,78;0,833333333333333;195942,146856;198679,858856;"VBI2175146";"91E0_vm";0,65;113,1;1,64381001816766;1,06847651180898
"VBI2";176073;1;"91E0_vn";70;"Buiten";"Atlantic";1;1;202942,221856;203179,903856;"VBI2176073";"91E0_vn";1;59,7625;1;1
"VBI2";177091;1;"9190";100;"Buiten";"Atlantic";1;1;212946,285856;202149,199856;"VBI2177091";"9190";1;75,7607142857143;1,32471960632478;1,32471960632478
"VBI2";181003;1;"91E0_vo";100;"Binnen";"Atlantic";1;1;228942,279856;217679,831856;"VBI2181003";"91E0_vo";1;27,7333333333333;1;1
"VBI2";181035;1;"91E0_vn";100;"Buiten";"Atlantic";1;1;228971,244856;215693,913856;"VBI2181035";"91E0_vn";1;59,7625;1;1
"VBI2";181060;1;"91E0_vn";70;"Buiten";"Atlantic";0,63;1;229942,275856;214179,824856;"VBI2181060";"91E0_vn";0,63;59,7625;1;0,63
"VBI2";181085;1;"91E0_vn";100;"Buiten";"Atlantic";0,65;1;230942,135856;212679,888856;"VBI2181085";"91E0_vn";0,65;59,7625;1;0,65
"VBI2";181155;1;"9190";100;"Buiten";"Atlantic";0,91;1;228942,138856;208179,844856;"VBI2181155";"9190";0,91;75,7607142857143;1,32471960632478;1,20549484175555
"VBI2";182151;1;"9190";100;"Binnen";"Atlantic";1;1;240960,860856;208687,238856;"VBI2182151";"9190";1;57,19;1;1
"VBI2";182152;1;"91E0_vm";100;"Binnen";"Atlantic";0,84;1;241942,235856;208679,869856;"VBI2182152";"91E0_vm";0,84;68,8035714285714;1;0,84
"VBI2";182157;1;"9120";100;"Binnen";"Atlantic";1;1;238942,152856;208179,908856;"VBI2182157";"9120";1;61,3330985915493;1;1
"VBI2";182158;1;"9190";70;"Binnen";"Atlantic";1;1;239912,342856;208173,640856;"VBI2182158";"9190";1;57,19;1;1
"VBI2";182160;1;"91E0_vm";100;"Binnen";"Atlantic";1;1;241859,816856;208187,180856;"VBI2182160";"91E0_vm";1;68,8035714285714;1;1
"VBI2";183153;1;"91E0_vm";100;"Binnen";"Atlantic";1;1;242976,185856;208086,229856;"VBI2183153";"91E0_vm";1;68,8035714285714;1;1
"VBI2";185023;1;"9120";100;"Buiten";"Atlantic";1;1;232937,088856;206677,192856;"VBI2185023";"9120";1;66,6438016528926;1,08658788131202;1,08658788131202
"VBI2";185143;1;"9120";100;"Buiten";"Atlantic";0,71;1;232942,168856;199179,769856;"VBI2185143";"9120";0,71;66,6438016528926;1,08658788131202;0,771477395731532
"VBI2";186107;1;"91E0_vm";100;"Binnen";"Atlantic";0,93;1;236942,197856;201179,876856;"VBI2186107";"91E0_vm";0,93;68,8035714285714;1;0,93
"VBI2";186108;1;"91E0_vm";90;"Binnen";"Atlantic";1;1;237942,203856;201179,822856;"VBI2186108";"91E0_vm";1;68,8035714285714;1;1
"VBI2";186130;1;"9120";100;"Buiten";"Atlantic";1;1;235940,177856;199685,593856;"VBI2186130";"9120";1;66,6438016528926;1,08658788131202;1,08658788131202
"VBI2";187001;1;"91E0_vm";80;"Binnen";"Atlantic";1;1;242942,196856;207679,939856;"VBI2187001";"91E0_vm";1;68,8035714285714;1;1
"VBI2";187009;1;"9190";100;"Binnen";"Atlantic";1;1;242942,259856;207179,844856;"VBI2187009";"9190";1;57,19;1;1
"VBI2";187058;1;"9120";100;"Buiten";"Atlantic";1;1;243905,973856;204198,900856;"VBI2187058";"9120";1;66,6438016528926;1,08658788131202;1,08658788131202
"VBI2";187065;1;"9120";100;"Buiten";"Atlantic";1;1;242952,273856;203685,015856;"VBI2187065";"9120";1;66,6438016528926;1,08658788131202;1,08658788131202
"VBI2";187082;1;"9190";100;"Binnen";"Atlantic";1;1;243967,249856;202702,570856;"VBI2187082";"9190";1;57,19;1;1
"VBI2";187100;1;"91E0";100;"Binnen";"Atlantic";1;1;245927,440856;201643,355856;"VBI2187100";"91E0";1;40,2;1;1
"VBI2";187124;1;"9190";100;"Binnen";"Atlantic";1;1;245942,182856;200179,926856;"VBI2187124";"9190";1;57,19;1;1
"VBI2";202040;1;"9120";100;"Buiten";"Atlantic";1;1;49968,293856;195695,260856;"VBI2202040";"9120";1;66,6438016528926;1,08658788131202;1,08658788131202
"VBI2";203009;1;"9120";100;"Buiten";"Atlantic";1;1;50946,511856;197147,203856;"VBI2203009";"9120";1;66,6438016528926;1,08658788131202;1,08658788131202
"VBI2";203018;1;"9120";60;"Buiten";"Atlantic";1;1;51949,361856;196681,012856;"VBI2203018";"9120";1;66,6438016528926;1,08658788131202;1,08658788131202
"VBI2";206047;1;"9120";100;"Buiten";"Atlantic";1;1;48936,440856;185193,813856;"VBI2206047";"9120";1;66,6438016528926;1,08658788131202;1,08658788131202
"VBI2";206086;1;"9120";100;"Buiten";"Atlantic";1;1;47942,244856;182679,659856;"VBI2206086";"9120";1;66,6438016528926;1,08658788131202;1,08658788131202
"VBI2";207011;1;"9160";100;"Buiten";"Atlantic";1;1;52945,881856;187177,721856;"VBI2207011";"9160";1;76,021052631579;1,02973381881936;1,02973381881936
"VBI2";207049;1;"9120";100;"Binnen";"Atlantic";1;1;50860,943856;184664,615856;"VBI2207049";"9120";1;61,3330985915493;1;1
"VBI2";207057;1;"9120";100;"Binnen";"Atlantic";1;1;50846,080856;184092,324856;"VBI2207057";"9120";1;61,3330985915493;1;1
"VBI2";211004;1;"9120";100;"Binnen";"Atlantic";1;1;69942,19;197679,8;"VBI2211004";"9120";1;61,3330985915493;1;1
"VBI2";211115;1;"91E0_va";100;"Buiten";"Atlantic";1;1;68942,19;190679,8;"VBI2211115";"91E0_va";1;106,804761904762;2,02230677678797;2,02230677678797
"VBI2";212002;1;"9120";100;"Buiten";"Atlantic";1;1;75920,501856;197693,278856;"VBI2212002";"9120";1;66,6438016528926;1,08658788131202;1,08658788131202
"VBI2";212006;1;"9120";100;"Buiten";"Atlantic";1;1;79933,282856;197708,241856;"VBI2212006";"9120";1;66,6438016528926;1,08658788131202;1,08658788131202
"VBI2";212018;1;"9120";100;"Buiten";"Atlantic";1;1;75913,239856;196677,684856;"VBI2212018";"9120";1;66,6438016528926;1,08658788131202;1,08658788131202
"VBI2";212040;1;"91E0_va";100;"Binnen";"Atlantic";1;1;81929,415856;195671,994856;"VBI2212040";"91E0_va";1;52,8133333333333;1;1
"VBI2";213033;1;"9120";100;"Buiten";"Atlantic";1;1;82942,852856;195688,819856;"VBI2213033";"9120";1;66,6438016528926;1,08658788131202;1,08658788131202
"VBI2";213037;1;"9120";100;"Buiten";"Atlantic";0,86;1;86942,191856;195679,894856;"VBI2213037";"9120";0,86;66,6438016528926;1,08658788131202;0,934465577928334
"VBI2";213041;1;"91E0_vn";100;"Buiten";"Atlantic";1;1;82944,777856;195185,526856;"VBI2213041";"91E0_vn";1;59,7625;1;1
"VBI2";213047;1;"9120";100;"Buiten";"Atlantic";1;1;88942,089856;195179,882856;"VBI2213047";"9120";1;66,6438016528926;1,08658788131202;1,08658788131202
"VBI2";213067;1;"91E0_vn";100;"Buiten";"Atlantic";1;1;84942,811856;193679,312856;"VBI2213067";"91E0_vn";1;59,7625;1;1
"VBI2";213076;1;"9120";100;"Buiten";"Atlantic";1;1;85934,706856;193198,531856;"VBI2213076";"9120";1;66,6438016528926;1,08658788131202;1,08658788131202
"VBI2";215068;1;"9120";100;"Buiten";"Atlantic";1;1;69942,19;183679,8;"VBI2215068";"9120";1;66,6438016528926;1,08658788131202;1,08658788131202
"VBI2";218123;1;"9130";100;"Buiten";"Atlantic";0,98;1;92942,293856;180179,631856;"VBI2218123";"9130";0,98;12,5555555555556;10,5539452495974;10,3428663446055
"VBI2";222132;1;"91E0_vn";100;"Buiten";"Atlantic";1;1;109942,2;189679,8;"VBI2222132";"91E0_vn";1;59,7625;1;1
"VBI2";224137;1;"91E0_vn";100;"Buiten";"Atlantic";1;1;122954,776856;189174,354856;"VBI2224137";"91E0_vn";1;59,7625;1;1
"VBI2";226018;1;"91E0_va";100;"Buiten";"Atlantic";0,64;1;107942,2;186679,8;"VBI2226018";"91E0_va";0,64;106,804761904762;2,02230677678797;1,2942763371443
"VBI2";226019;1;"9120";100;"Buiten";"Atlantic";1;1;108942,2;186679,8;"VBI2226019";"9120";1;66,6438016528926;1,08658788131202;1,08658788131202
"VBI2";226022;1;"9120";100;"Buiten";"Atlantic";1;1;111942,227856;186679,935856;"VBI2226022";"9120";1;66,6438016528926;1,08658788131202;1,08658788131202
"VBI2";226036;1;"91E0_va";100;"Binnen";"Atlantic";1;1;109942,2;185679,8;"VBI2226036";"91E0_va";1;52,8133333333333;1;1
"VBI2";226044;1;"9120";100;"Binnen";"Atlantic";1;1;109942,2;185179,8;"VBI2226044";"9120";1;61,3330985915493;1;1
"VBI2";226063;1;"9130";70;"Buiten";"Atlantic";0,92;1;112942,281856;184179,882856;"VBI2226063";"9130";0,92;12,5555555555556;10,5539452495974;9,70962962962963
"VBI2";226148;1;"91E0_va";80;"Buiten";"Atlantic";0,86;1;109942,2;178679,8;"VBI2226148";"91E0_va";0,86;106,804761904762;2,02230677678797;1,73918382803765
"VBI2";227019;1;"9130";100;"Binnen";"Atlantic";1;1;116951,049856;186657,858856;"VBI2227019";"9130";1;1,18965517241379;1;1
"VBI2";227037;1;"9120";70;"Binnen";"Atlantic";1;1;118945,328856;185686,592856;"VBI2227037";"9120";1;61,3330985915493;1;1
"VBI2";227081;1;"91E0_va";100;"Buiten";"Atlantic";1;1;114942,142856;182679,880856;"VBI2227081";"91E0_va";1;106,804761904762;2,02230677678797;2,02230677678797
"VBI2";227142;1;"9130";100;"Buiten";"Atlantic";1;1;119942,198856;179179,763856;"VBI2227142";"9130";1;12,5555555555556;10,5539452495974;10,5539452495974
"VBI2";227153;1;"9130";100;"Buiten";"Atlantic";1;1;114971,612856;178178,195856;"VBI2227153";"9130";1;12,5555555555556;10,5539452495974;10,5539452495974
"VBI2";228141;1;"91E0_va";70;"Binnen";"Atlantic";1;1;126942,181856;179179,920856;"VBI2228141";"91E0_va";1;52,8133333333333;1;1
"VBI2";233054;1;"91E0_vm";60;"Buiten";"Atlantic";0,92;1;151942,309856;194679,797856;"VBI2233054";"91E0_vm";0,92;113,1;1,64381001816766;1,51230521671425
"VBI2";233118;1;"91E0_va";100;"Buiten";"Atlantic";0,62;1;151942,357856;190679,946856;"VBI2233118";"91E0_va";0,62;106,804761904762;2,02230677678797;1,25383020160854
"VBI2";234013;1;"9120";70;"Buiten";"Atlantic";1;1;158967,499856;197130,975856;"VBI2234013";"9120";1;66,6438016528926;1,08658788131202;1,08658788131202
"VBI2";234069;1;"9160";100;"Buiten";"Atlantic";0,84;1;158942,408856;193679,933856;"VBI2234069";"9160";0,84;76,021052631579;1,02973381881936;0,864976407808263
"VBI2";234112;1;"9120";100;"Buiten";"Atlantic";0,93;1;161942,269856;191179,870856;"VBI2234112";"9120";0,93;66,6438016528926;1,08658788131202;1,01052672962018
"VBI2";234159;1;"91E0_vn";100;"Buiten";"Atlantic";0,83;1;160942,349856;188179,636856;"VBI2234159";"91E0_vn";0,83;59,7625;1;0,83
"VBI2";235082;1;"9130";100;"Buiten";"Atlantic";1;1;131913,609856;182658,558856;"VBI2235082";"9130";1;12,5555555555556;10,5539452495974;10,5539452495974
"VBI2";236143;1;"91E0_vn";100;"Buiten";"Atlantic";1;0,97;144942,2;179179,8;"VBI2236143";"91E0_vn";0,97;59,7625;1;0,97
"VBI2";237014;1;"91E0_va";100;"Binnen";"Atlantic";1;1;151925,290856;187170,719856;"VBI2237014";"91E0_va";1;52,8133333333333;1;1
"VBI2";237029;1;"9160";100;"Binnen";"Atlantic";1;1;150942,211856;186179,946856;"VBI2237029";"9160";1;73,8259259259259;1;1
"VBI2";237042;1;"9160";100;"Buiten";"Atlantic";0,82;1;147942,172856;185179,813856;"VBI2237042";"9160";0,82;76,021052631579;1,02973381881936;0,844381731431876
"VBI2";237063;1;"9120";100;"Buiten";"Atlantic";0,87;1;152942,202856;184179,769856;"VBI2237063";"9120";0,87;66,6438016528926;1,08658788131202;0,945331456741454
"VBI2";237149;1;"91E0_vn";100;"Buiten";"Atlantic";0,91;1;150942,201856;178679,821856;"VBI2237149";"91E0_vn";0,91;59,7625;1;0,91
"VBI2";237153;1;"91E0_vn";100;"Buiten";"Atlantic";1;1;146942,153856;178179,816856;"VBI2237153";"91E0_vn";1;59,7625;1;1
"VBI2";238002;1;"9160";70;"Buiten";"Atlantic";1;1;155942,115856;187679,691856;"VBI2238002";"9160";1;76,021052631579;1,02973381881936;1,02973381881936
"VBI2";238025;1;"9120";60;"Buiten";"Atlantic";1;1;154942,214856;186179,646856;"VBI2238025";"9120";1;66,6438016528926;1,08658788131202;1,08658788131202
"VBI2";238064;1;"9160";70;"Buiten";"Atlantic";1;1;161955,090856;184171,740856;"VBI2238064";"9160";1;76,021052631579;1,02973381881936;1,02973381881936
"VBI2";238126;1;"9160";90;"Binnen";"Atlantic";1;1;159970,987856;180197,139856;"VBI2238126";"9160";1;73,8259259259259;1;1
"VBI2";238140;1;"9160";100;"Binnen";"Atlantic";1;1;157942,231856;179179,676856;"VBI2238140";"9160";1;73,8259259259259;1;1
"VBI2";238147;1;"91E0_va";100;"Binnen";"Atlantic";1;1;156965,535856;178660,035856;"VBI2238147";"91E0_va";1;52,8133333333333;1;1
"VBI2";238148;1;"9160";100;"Binnen";"Atlantic";1;1;157942,057856;178679,676856;"VBI2238148";"9160";1;73,8259259259259;1;1
"VBI2";241019;1;"9120";100;"Buiten";"Atlantic";1;1;164942,235856;196679,838856;"VBI2241019";"9120";1;66,6438016528926;1,08658788131202;1,08658788131202
"VBI2";241139;1;"91E0_vm";100;"Buiten";"Atlantic";1;1;164942,144856;189179,919856;"VBI2241139";"91E0_vm";1;113,1;1,64381001816766;1,64381001816766
"VBI2";243024;1;"91E0_vm";100;"Buiten";"Atlantic";1;1;185942,2;196679,8;"VBI2243024";"91E0_vm";1;113,1;1,64381001816766;1,64381001816766
"VBI2";243042;1;"9120";100;"Buiten";"Atlantic";1;1;179942,2;195179,8;"VBI2243042";"9120";1;66,6438016528926;1,08658788131202;1,08658788131202
"VBI2";243048;1;"91E0_va";80;"Binnen";"Atlantic";1;1;185942,2;195179,8;"VBI2243048";"91E0_va";1;52,8133333333333;1;1
"VBI2";243051;1;"9160";100;"Buiten";"Atlantic";1;1;180942,2;194679,8;"VBI2243051";"9160";1;76,021052631579;1,02973381881936;1,02973381881936
"VBI2";243055;1;"9120";70;"Binnen";"Atlantic";1;0,63;184942,2;194679,8;"VBI2243055";"9120";0,63;61,3330985915493;1;0,63
"VBI2";243062;1;"9120";100;"Binnen";"Atlantic";0,85;1;183942,2;194179,8;"VBI2243062";"9120";0,85;61,3330985915493;1;0,85
"VBI2";243074;1;"9120";100;"Buiten";"Atlantic";0,6;1;179942,2;193179,8;"VBI2243074";"9120";0,6;66,6438016528926;1,08658788131202;0,65195272878721
"VBI2";243077;1;"9120";100;"Binnen";"Atlantic";1;0,64;182942,2;193179,8;"VBI2243077";"9120";0,64;61,3330985915493;1;0,64
"VBI2";243082;1;"9160";100;"Buiten";"Atlantic";1;1;179942,2;192679,8;"VBI2243082";"9160";1;76,021052631579;1,02973381881936;1,02973381881936
"VBI2";243094;1;"91E0_va";100;"Buiten";"Atlantic";0,89;1;183942,2;192179,8;"VBI2243094";"91E0_va";0,89;106,804761904762;2,02230677678797;1,79985303134129
"VBI2";243118;1;"91E0_vm";100;"Binnen";"Atlantic";0,89;0,741573033707865;183942,2;190679,8;"VBI2243118";"91E0_vm";0,66;68,8035714285714;1;0,66
"VBI2";243127;1;"91E0_vm";100;"Binnen";"Atlantic";1;0,99;184942,2;190179,8;"VBI2243127";"91E0_vm";0,99;68,8035714285714;1;0,99
"VBI2";243134;1;"91E0_vm";100;"Binnen";"Atlantic";1;1;183942,2;189679,8;"VBI2243134";"91E0_vm";1;68,8035714285714;1;1
"VBI2";243140;1;"9120";100;"Buiten";"Atlantic";1;1;181942,2;189179,8;"VBI2243140";"9120";1;66,6438016528926;1,08658788131202;1,08658788131202
"VBI2";243148;1;"9120";80;"Buiten";"Atlantic";1;1;181942,2;188679,8;"VBI2243148";"9120";1;66,6438016528926;1,08658788131202;1,08658788131202
"VBI2";244006;1;"91E0_vm";100;"Binnen";"Atlantic";1;1;191942,097856;197679,979856;"VBI2244006";"91E0_vm";1;68,8035714285714;1;1
"VBI2";244017;1;"91E0_vn";70;"Buiten";"Atlantic";0,99;1;186942,203856;196679,844856;"VBI2244017";"91E0_vn";0,99;59,7625;1;0,99
"VBI2";244018;1;"91E0_vn";100;"Buiten";"Atlantic";1;1;187942,108856;196679,815856;"VBI2244018";"91E0_vn";1;59,7625;1;1
"VBI2";244053;1;"9120";100;"Buiten";"Atlantic";1;1;190942,187856;194679,883856;"VBI2244053";"9120";1;66,6438016528926;1,08658788131202;1,08658788131202
"VBI2";245010;1;"91E0_vn";100;"Binnen";"Atlantic";1;1;163965,112856;187172,391856;"VBI2245010";"91E0_vn";1;124,157142857143;2,0775091881555;2,0775091881555
"VBI2";245074;1;"91E0_vn";100;"Buiten";"Atlantic";0,7;1;163942,235856;183179,854856;"VBI2245074";"91E0_vn";0,7;59,7625;1;0,7
"VBI2";245075;1;"9120";70;"Buiten";"Atlantic";1;1;164945,378856;183181,195856;"VBI2245075";"9120";1;66,6438016528926;1,08658788131202;1,08658788131202
"VBI2";245085;1;"9120";100;"Buiten";"Atlantic";1;1;166936,449856;182696,933856;"VBI2245085";"9120";1;66,6438016528926;1,08658788131202;1,08658788131202
"VBI2";245086;1;"9120";80;"Buiten";"Atlantic";1;1;167928,745856;182663,462856;"VBI2245086";"9120";1;66,6438016528926;1,08658788131202;1,08658788131202
"VBI2";245100;1;"91E0_va";100;"Buiten";"Atlantic";1;1;165942,173856;181679,785856;"VBI2245100";"91E0_va";1;106,804761904762;2,02230677678797;2,02230677678797
"VBI2";245122;1;"91E0_va";100;"Binnen";"Atlantic";1;1;163968,769856;180153,240856;"VBI2245122";"91E0_va";1;52,8133333333333;1;1
"VBI2";245123;1;"9160";100;"Binnen";"Atlantic";1;1;164923,509856;180118,225856;"VBI2245123";"9160";1;73,8259259259259;1;1
"VBI2";245133;1;"9160";100;"Binnen";"Atlantic";1;1;166942,289856;179676,316856;"VBI2245133";"9160";1;73,8259259259259;1;1
"VBI2";245147;1;"91E0_va";100;"Binnen";"Atlantic";1;1;164942,212856;178679,753856;"VBI2245147";"91E0_va";1;52,8133333333333;1;1
"VBI2";245148;1;"9160";70;"Binnen";"Atlantic";1;1;165934,102856;178686,080856;"VBI2245148";"9160";1;73,8259259259259;1;1
"VBI2";245159;1;"9160";100;"Binnen";"Atlantic";1;1;168942,158856;178179,912856;"VBI2245159";"9160";1;73,8259259259259;1;1
"VBI2";246009;1;"91E0_vm";80;"Buiten";"Atlantic";1;1;170942,184856;187179,809856;"VBI2246009";"91E0_vm";1;113,1;1,64381001816766;1,64381001816766
"VBI2";246058;1;"91E0_vn";100;"Buiten";"Atlantic";1;1;171950,018856;184138,450856;"VBI2246058";"91E0_vn";1;59,7625;1;1
"VBI2";247004;1;"9190";100;"Buiten";"Atlantic";1;1;181942,2;187679,8;"VBI2247004";"9190";1;75,7607142857143;1,32471960632478;1,32471960632478
"VBI2";247080;1;"9120";100;"Buiten";"Atlantic";1;1;185942,2;183179,8;"VBI2247080";"9120";1;66,6438016528926;1,08658788131202;1,08658788131202
"VBI2";247109;1;"9190";85;"Binnen";"Atlantic";1;1;182942,2;181179,8;"VBI2247109";"9190";1;57,19;1;1
"VBI2";247112;1;"91E0_va";100;"Binnen";"Atlantic";1;1;185942,2;181179,8;"VBI2247112";"91E0_va";1;52,8133333333333;1;1
"VBI2";247120;1;"91E0_vm";100;"Binnen";"Atlantic";1;1;185942,2;180679,8;"VBI2247120";"91E0_vm";1;68,8035714285714;1;1
"VBI2";247127;1;"91E0_vm";70;"Binnen";"Atlantic";1;1;184942,2;180179,8;"VBI2247127";"91E0_vm";1;68,8035714285714;1;1
"VBI2";247128;1;"9160";70;"Binnen";"Atlantic";0,74;1;185942,2;180179,8;"VBI2247128";"9160";0,74;73,8259259259259;1;0,74
"VBI2";247136;1;"9120";100;"Binnen";"Atlantic";1;1;185942,2;179679,8;"VBI2247136";"9120";1;61,3330985915493;1;1
"VBI2";247143;1;"9160";100;"Binnen";"Atlantic";1;1;184942,2;179179,8;"VBI2247143";"9160";1;73,8259259259259;1;1
"VBI2";247150;1;"9120";100;"Binnen";"Atlantic";1;1;183942,2;178679,8;"VBI2247150";"9120";1;61,3330985915493;1;1
"VBI2";247158;1;"9120";70;"Binnen";"Atlantic";1;1;183942,2;178179,8;"VBI2247158";"9120";1;61,3330985915493;1;1
"VBI2";248108;1;"91E0_vn";100;"Binnen";"Atlantic";1;1;189966,001856;181172,460856;"VBI2248108";"91E0_vn";1;124,157142857143;2,0775091881555;2,0775091881555
"VBI2";248113;1;"9160";70;"Binnen";"Atlantic";1;1;186942,267856;180679,871856;"VBI2248113";"9160";1;73,8259259259259;1;1
"VBI2";248132;1;"9120";100;"Buiten";"Atlantic";1;1;189949,931856;179680,751856;"VBI2248132";"9120";1;66,6438016528926;1,08658788131202;1,08658788131202
"VBI2";248135;1;"9160";70;"Buiten";"Atlantic";1;1;192928,483856;179667,556856;"VBI2248135";"9160";1;76,021052631579;1,02973381881936;1,02973381881936
"VBI2";251027;1;"91E0_vm";70;"Buiten";"Atlantic";0,72;1;196942,214856;196179,838856;"VBI2251027";"91E0_vm";0,72;113,1;1,64381001816766;1,18354321308072
"VBI2";251112;1;"91E0_vm";100;"Binnen";"Atlantic";1;1;201955,493856;191182,040856;"VBI2251112";"91E0_vm";1;68,8035714285714;1;1
"VBI2";253145;1;"9120";100;"Buiten";"Atlantic";1;1;210958,646856;188670,761856;"VBI2253145";"9120";1;66,6438016528926;1,08658788131202;1,08658788131202
"VBI2";253146;1;"91E0_vn";100;"Buiten";"Atlantic";1;1;211905,021856;188765,172856;"VBI2253146";"91E0_vn";1;59,7625;1;1
"VBI2";254066;1;"9190";100;"Buiten";"Atlantic";1;1;219942,2;193679,8;"VBI2254066";"9190";1;75,7607142857143;1,32471960632478;1,32471960632478
"VBI2";254068;1;"91E0_vm";100;"Binnen";"Atlantic";1;1;221942,2;193679,8;"VBI2254068";"91E0_vm";1;68,8035714285714;1;1
"VBI2";254103;1;"9120";100;"Binnen";"Atlantic";0,92;1;224942,2;191679,8;"VBI2254103";"9120";0,92;61,3330985915493;1;0,92
"VBI2";254110;1;"9120";100;"Binnen";"Atlantic";1;1;223942,2;191179,8;"VBI2254110";"9120";1;61,3330985915493;1;1
"VBI2";254125;1;"91E0_vm";100;"Binnen";"Atlantic";1;1;222942,2;190179,8;"VBI2254125";"91E0_vm";1;68,8035714285714;1;1
"VBI2";255017;1;"91E0_vm";100;"Buiten";"Atlantic";1;1;194942,288856;186680,035856;"VBI2255017";"91E0_vm";1;113,1;1,64381001816766;1,64381001816766
"VBI2";255063;1;"9120";100;"Binnen";"Atlantic";1;1;200942,111856;184179,817856;"VBI2255063";"9120";1;61,3330985915493;1;1
"VBI2";255068;1;"9120";100;"Buiten";"Atlantic";1;1;197942,121856;183679,878856;"VBI2255068";"9120";1;66,6438016528926;1,08658788131202;1,08658788131202
"VBI2";255105;1;"9120";100;"Buiten";"Atlantic";0,78;1;194942,042856;181179,915856;"VBI2255105";"9120";0,78;66,6438016528926;1,08658788131202;0,847538547423373
"VBI2";255107;1;"9160";70;"Buiten";"Atlantic";1;1;196942,157856;181205,064856;"VBI2255107";"9160";1;76,021052631579;1,02973381881936;1,02973381881936
"VBI2";255123;1;"91E0_va";60;"Buiten";"Atlantic";1;1;196929,199856;180183,304856;"VBI2255123";"91E0_va";1;106,804761904762;2,02230677678797;2,02230677678797
"VBI2";255148;1;"9120";70;"Buiten";"Atlantic";1;1;197942,269856;178679,745856;"VBI2255148";"9120";1;66,6438016528926;1,08658788131202;1,08658788131202
"VBI2";256047;1;"9190";100;"Buiten";"Atlantic";0,61;1;208941,142856;185180,184856;"VBI2256047";"9190";0,61;75,7607142857143;1,32471960632478;0,808078959858117
"VBI2";256110;1;"9120";70;"Buiten";"Atlantic";1;1;207942,208856;181179,898856;"VBI2256110";"9120";1;66,6438016528926;1,08658788131202;1,08658788131202
"VBI2";257003;1;"9190";100;"Binnen";"Atlantic";1;1;212933,258856;187621,888856;"VBI2257003";"9190";1;57,19;1;1
"VBI2";257011;1;"9190";100;"Buiten";"Atlantic";1;1;212942,206856;187179,789856;"VBI2257011";"9190";1;75,7607142857143;1,32471960632478;1,32471960632478
"VBI2";257027;1;"91E0_vm";70;"Buiten";"Atlantic";1;1;212938,819856;186218,500856;"VBI2257027";"91E0_vm";1;113,1;1,64381001816766;1,64381001816766
"VBI2";257106;1;"9160";100;"Buiten";"Atlantic";1;1;211972,048856;181143,006856;"VBI2257106";"9160";1;76,021052631579;1,02973381881936;1,02973381881936
"VBI2";258029;1;"91E0_vo";100;"Buiten";"Atlantic";0,95;1;222942,2;186179,8;"VBI2258029";"91E0_vo";0,95;56,4333333333333;2,03485576923077;1,93311298076923
"VBI2";258040;1;"91E0_vo";100;"Binnen";"Atlantic";0,96;1;225942,2;185679,8;"VBI2258040";"91E0_vo";0,96;27,7333333333333;1;0,96
"VBI2";258049;1;"91E0_vn";70;"Buiten";"Atlantic";1;1;218942,2;184679,8;"VBI2258049";"91E0_vn";1;59,7625;1;1
"VBI2";258061;1;"9120";70;"Buiten";"Atlantic";1;1;222942,2;184179,8;"VBI2258061";"9120";1;66,6438016528926;1,08658788131202;1,08658788131202
"VBI2";258071;1;"9120";100;"Buiten";"Atlantic";0,78;0,858974358974359;224942,2;183679,8;"VBI2258071";"9120";0,67;66,6438016528926;1,08658788131202;0,728013880479051
"VBI2";258076;1;"9120";100;"Binnen";"Atlantic";1;1;221942,2;183179,8;"VBI2258076";"9120";1;61,3330985915493;1;1
"VBI2";261075;1;"9190";100;"Binnen";"Atlantic";1;1;228942,175856;193179,904856;"VBI2261075";"9190";1;57,19;1;1
"VBI2";261108;1;"9190";50;"Buiten";"Atlantic";1;1;229939,431856;191192,507856;"VBI2261108";"9190";1;75,7607142857143;1,32471960632478;1,32471960632478
"VBI2";261126;1;"9190";100;"Binnen";"Atlantic";1;1;231942,202856;190179,788856;"VBI2261126";"9190";1;57,19;1;1
"VBI2";261144;1;"91E0_vo";100;"Binnen";"Atlantic";0,99;1;233942,176856;189179,753856;"VBI2261144";"91E0_vo";0,99;27,7333333333333;1;0,99
"VBI2";262049;1;"9190";70;"Binnen";"Atlantic";1;1;234942,167856;194679,805856;"VBI2262049";"9190";1;57,19;1;1
"VBI2";262083;1;"91E0_vm";60;"Binnen";"Atlantic";0,93;1;236942,228856;192679,889856;"VBI2262083";"91E0_vm";0,93;68,8035714285714;1;0,93
"VBI2";263017;1;"91E0_vm";80;"Binnen";"Atlantic";1;1;243017,966856;196646,960856;"VBI2263017";"91E0_vm";1;68,8035714285714;1;1
"VBI2";263020;1;"9190";100;"Binnen";"Atlantic";0,74;1;245942,247856;196679,866856;"VBI2263020";"9190";0,74;57,19;1;0,74
"VBI2";265006;1;"91E0_vo";100;"Buiten";"Atlantic";0,78;1;231942,166856;187679,844856;"VBI2265006";"91E0_vo";0,78;56,4333333333333;2,03485576923077;1,5871875
"VBI2";266002;1;"9190";100;"Buiten";"Atlantic";1;1;235944,393856;187668,245856;"VBI2266002";"9190";1;75,7607142857143;1,32471960632478;1,32471960632478
"VBI2";266010;1;"9190";100;"Buiten";"Atlantic";0,93;0,827956989247312;235942,191856;187179,849856;"VBI2266010";"9190";0,77;75,7607142857143;1,32471960632478;1,02003409687008
"VBI2";266112;1;"9120";100;"Binnen";"Atlantic";1;1;241948,357856;181129,115856;"VBI2266112";"9120";1;61,3330985915493;1;1
"VBI2";266133;1;"91E0_vo";60;"Binnen";"Atlantic";1;1;238942,090856;179679,842856;"VBI2266133";"91E0_vo";1;27,7333333333333;1;1
"VBI2";274006;1;"9120";100;"Binnen";"Atlantic";1;1;31942,096856;177679,681856;"VBI2274006";"9120";1;61,3330985915493;1;1
"VBI2";274116;1;"9130";100;"Binnen";"Atlantic";1;1;29942,19;170679,8;"VBI2274116";"9130";1;1,18965517241379;1;1
"VBI2";282096;1;"9120";70;"Buiten";"Atlantic";1;1;49912,611856;172160,067856;"VBI2282096";"9120";1;66,6438016528926;1,08658788131202;1,08658788131202
"VBI2";282112;1;"9120";100;"Binnen";"Atlantic";1;1;49942,210856;171179,893856;"VBI2282112";"9120";1;61,3330985915493;1;1
"VBI2";282143;1;"9130";100;"Binnen";"Atlantic";1;1;48992,718856;169176,038856;"VBI2282143";"9130";1;1,18965517241379;1;1
"VBI2";282150;1;"9120";100;"Binnen";"Atlantic";1;0,52;47942,228856;168679,924856;"VBI2282150";"9120";0,52;61,3330985915493;1;0,52
"VBI2";282151;1;"9120";70;"Binnen";"Atlantic";1;1;48956,513856;168707,456856;"VBI2282151";"9120";1;61,3330985915493;1;1
"VBI2";285027;1;"9130";100;"Binnen";"Atlantic";1;1;36933,922856;166205,704856;"VBI2285027";"9130";1;1,18965517241379;1;1
"VBI2";285062;1;"9130";100;"Binnen";"Atlantic";0,9;0,822222222222222;39942,398856;164179,956856;"VBI2285062";"9130";0,74;1,18965517241379;1;0,74
"VBI2";293064;1;"9120";100;"Buiten";"Atlantic";1;1;89947,261856;174183,841856;"VBI2293064";"9120";1;66,6438016528926;1,08658788131202;1,08658788131202
"VBI2";293128;1;"9130";100;"Binnen";"Atlantic";1;1;89942,178856;170180,019856;"VBI2293128";"9130";1;1,18965517241379;1;1
"VBI2";296073;1;"9130";100;"Buiten";"Atlantic";1;1;74942,391856;163179,857856;"VBI2296073";"9130";1;12,5555555555556;10,5539452495974;10,5539452495974
"VBI2";296124;1;"9130";100;"Buiten";"Atlantic";0,52;1;77942,390856;160179,818856;"VBI2296124";"9130";0,52;12,5555555555556;10,5539452495974;5,48805152979066
"VBI2";297095;1;"9130";60;"Binnen";"Atlantic";1;1;88942,053856;162179,843856;"VBI2297095";"9130";1;1,18965517241379;1;1
"VBI2";297096;1;"91E0_vc";100;"Binnen";"Atlantic";1;1;89942,075856;162179,967856;"VBI2297096";"91E0_vc";1;13,4866666666667;1;1
"VBI2";297103;1;"9130";100;"Binnen";"Atlantic";1;1;88942,115856;161679,824856;"VBI2297103";"9130";1;1,18965517241379;1;1
"VBI2";297104;1;"9130";100;"Binnen";"Atlantic";1;1;89942,027856;161679,842856;"VBI2297104";"9130";1;1,18965517241379;1;1
"VBI2";298100;1;"9130";100;"Binnen";"Atlantic";1;1;93938,109856;161708,061856;"VBI2298100";"9130";1;1,18965517241379;1;1
"VBI2";303012;1;"91E0_va";100;"Buiten";"Atlantic";0,85;1;117942,109856;177179,809856;"VBI2303012";"91E0_va";0,85;106,804761904762;2,02230677678797;1,71896076026977
"VBI2";303039;1;"91E0_vn";100;"Buiten";"Atlantic";0,97;1;120942,212856;175679,885856;"VBI2303039";"91E0_vn";0,97;59,7625;1;0,97
"VBI2";303045;1;"91E0_va";70;"Buiten";"Atlantic";1;1;118942,165856;175179,783856;"VBI2303045";"91E0_va";1;106,804761904762;2,02230677678797;2,02230677678797
"VBI2";304023;1;"91E0_vm";80;"Binnen";"Atlantic";1;1;128942,203856;176679,837856;"VBI2304023";"91E0_vm";1;68,8035714285714;1;1
"VBI2";304044;1;"91E0_vn";100;"Buiten";"Atlantic";0,93;1;125942,187856;175179,877856;"VBI2304044";"91E0_vn";0,93;59,7625;1;0,93
"VBI2";304082;1;"91E0_vn";100;"Buiten";"Atlantic";0,93;1;123942,158856;172679,773856;"VBI2304082";"91E0_vn";0,93;59,7625;1;0,93
"VBI2";304146;1;"91E0_vn";70;"Buiten";"Atlantic";1;1;123942,168856;168679,794856;"VBI2304146";"91E0_vn";1;59,7625;1;1
"VBI2";306012;1;"9130";100;"Buiten";"Atlantic";1;1;109942,2;167179,8;"VBI2306012";"9130";1;12,5555555555556;10,5539452495974;10,5539452495974
"VBI2";306081;1;"9120";70;"Binnen";"Atlantic";1;1;106942,2;162679,8;"VBI2306081";"9120";1;61,3330985915493;1;1
"VBI2";306098;1;"9130";100;"Binnen";"Atlantic";1;0,71;107942,2;161679,8;"VBI2306098";"9130";0,71;1,18965517241379;1;0,71
"VBI2";307014;1;"91E0_vn";100;"Buiten";"Atlantic";0,8;1;119942,091856;167179,872856;"VBI2307014";"91E0_vn";0,8;59,7625;1;0,8
"VBI2";307038;1;"91E0_vn";100;"Buiten";"Atlantic";0,97;1;119942,210856;165679,858856;"VBI2307038";"91E0_vn";0,97;59,7625;1;0,97
"VBI2";307058;1;"91E0_vn";100;"Buiten";"Atlantic";1;1;115948,253856;164185,431856;"VBI2307058";"91E0_vn";1;59,7625;1;1
"VBI2";307086;1;"9130";100;"Binnen";"Atlantic";0,94;0,829787234042553;119942,231856;162679,902856;"VBI2307086";"9130";0,78;1,18965517241379;1;0,78
"VBI2";307105;1;"91E0_vn";100;"Binnen";"Atlantic";0,92;1;114942,214856;161179,845856;"VBI2307105";"91E0_vn";0,92;124,157142857143;2,0775091881555;1,91130845310306
"VBI2";307113;1;"9130";100;"Binnen";"Atlantic";1;1;114942,223856;160679,808856;"VBI2307113";"9130";1;1,18965517241379;1;1
"VBI2";307122;1;"9130";70;"Binnen";"Atlantic";1;1;115948,021856;160183,683856;"VBI2307122";"9130";1;1,18965517241379;1;1
"VBI2";308014;1;"91E0_va";100;"Binnen";"Atlantic";0,81;1;127942,260856;167179,886856;"VBI2308014";"91E0_va";0,81;52,8133333333333;1;0,81
"VBI2";308015;1;"9130";100;"Binnen";"Atlantic";1;1;128934,507856;167178,598856;"VBI2308015";"9130";1;1,18965517241379;1;1
"VBI2";308023;1;"9120";100;"Binnen";"Atlantic";1;1;128942,231856;166679,847856;"VBI2308023";"9120";1;61,3330985915493;1;1
"VBI2";308051;1;"91E0";100;"Buiten";"Atlantic";1;1;124942,230856;164679,904856;"VBI2308051";"91E0";1;57,7;1,43532338308458;1,43532338308458
"VBI2";308069;1;"91E0_va";100;"Buiten";"Atlantic";0,69;1;126942,078856;163679,766856;"VBI2308069";"91E0_va";0,69;106,804761904762;2,02230677678797;1,3953916759837
"VBI2";308077;1;"91E0_vc";100;"Buiten";"Atlantic";0,86;1;126942,136856;163180,015856;"VBI2308077";"91E0_vc";0,86;18,47;1,36950074147306;1,17777063766683
"VBI2";308093;1;"9120";100;"Buiten";"Atlantic";1;1;126927,842856;162162,253856;"VBI2308093";"9120";1;66,6438016528926;1,08658788131202;1,08658788131202
"VBI2";308110;1;"91E0_va";70;"Buiten";"Atlantic";0,64;1;127942,172856;161179,869856;"VBI2308110";"91E0_va";0,64;106,804761904762;2,02230677678797;1,2942763371443
"VBI2";311027;1;"91E0_vc";100;"Buiten";"Atlantic";1;1;132950,016856;176179,583856;"VBI2311027";"91E0_vc";1;18,47;1,36950074147306;1,36950074147306
"VBI2";311074;1;"9120";100;"Binnen";"Atlantic";1;1;131925,407856;173191,743856;"VBI2311074";"9120";1;61,3330985915493;1;1
"VBI2";314072;1;"9120";100;"Buiten";"Atlantic";1;1;161942,154856;173679,748856;"VBI2314072";"9120";1;66,6438016528926;1,08658788131202;1,08658788131202
"VBI2";314079;1;"9120";100;"Buiten";"Atlantic";1;1;160942,400856;173179,921856;"VBI2314079";"9120";1;66,6438016528926;1,08658788131202;1,08658788131202
"VBI2";314080;1;"9120";100;"Buiten";"Atlantic";0,61;0,590163934426229;161942,046856;173179,746856;"VBI2314080";"9120";0,36;66,6438016528926;1,08658788131202;0,391171637272326
"VBI2";314092;1;"9120";100;"Buiten";"Atlantic";0,97;1;157942,109856;172179,740856;"VBI2314092";"9120";0,97;66,6438016528926;1,08658788131202;1,05399024487266
"VBI2";314151;1;"9120";100;"Buiten";"Atlantic";0,99;1;160942,286856;168679,864856;"VBI2314151";"9120";0,99;66,6438016528926;1,08658788131202;1,0757220024989
"VBI2";314152;1;"9120";100;"Buiten";"Atlantic";1;1;161928,456856;168678,269856;"VBI2314152";"9120";1;66,6438016528926;1,08658788131202;1,08658788131202
"VBI2";314159;1;"9120";100;"Buiten";"Atlantic";1;1;160942,184856;168179,748856;"VBI2314159";"9120";1;66,6438016528926;1,08658788131202;1,08658788131202
"VBI2";316065;1;"91E0_va";60;"Binnen";"Atlantic";0,8;1;138942,2;163679,8;"VBI2316065";"91E0_va";0,8;52,8133333333333;1;0,8
"VBI2";316066;1;"91E0_va";95;"Binnen";"Atlantic";0,67;1;139942,2;163679,8;"VBI2316066";"91E0_va";0,67;52,8133333333333;1;0,67
"VBI2";316105;1;"91E0_va";100;"Buiten";"Atlantic";1;1;138942,2;161179,8;"VBI2316105";"91E0_va";1;106,804761904762;2,02230677678797;2,02230677678797
"VBI2";317088;1;"9120";100;"Binnen";"Atlantic";1;1;153942,172856;162679,781856;"VBI2317088";"9120";1;61,3330985915493;1;1
"VBI2";317090;1;"9120";100;"Buiten";"Atlantic";0,91;1;147942,276856;162179,940856;"VBI2317090";"9120";0,91;66,6438016528926;1,08658788131202;0,988794971993935
"VBI2";317095;1;"9120";100;"Binnen";"Atlantic";1;1;152942,183856;162179,874856;"VBI2317095";"9120";1;61,3330985915493;1;1
"VBI2";317102;1;"9120";100;"Binnen";"Atlantic";1;1;151930,810856;161680,218856;"VBI2317102";"9120";1;61,3330985915493;1;1
"VBI2";317103;1;"9120";100;"Binnen";"Atlantic";1;1;152942,209856;161679,902856;"VBI2317103";"9120";1;61,3330985915493;1;1
"VBI2";317104;1;"9120";100;"Binnen";"Atlantic";1;1;153942,272856;161679,870856;"VBI2317104";"9120";1;61,3330985915493;1;1
"VBI2";317105;1;"9120";100;"Buiten";"Atlantic";0,39;1;146942,207856;161179,814856;"VBI2317105";"9120";0,39;66,6438016528926;1,08658788131202;0,423769273711686
"VBI2";317106;1;"9120";80;"Buiten";"Atlantic";0,97;1;147942,202856;161179,905856;"VBI2317106";"9120";0,97;66,6438016528926;1,08658788131202;1,05399024487266
"VBI2";317110;1;"9130";100;"Binnen";"Atlantic";1;1;151943,574856;161180,400856;"VBI2317110";"9130";1;1,18965517241379;1;1
"VBI2";317111;1;"9120";70;"Binnen";"Atlantic";1;1;152981,049856;161178,992856;"VBI2317111";"9120";1;61,3330985915493;1;1
"VBI2";317112;1;"9120";100;"Binnen";"Atlantic";1;1;153953,815856;161164,778856;"VBI2317112";"9120";1;61,3330985915493;1;1
"VBI2";317119;1;"9120";100;"Binnen";"Atlantic";1;1;152942,137856;160679,877856;"VBI2317119";"9120";1;61,3330985915493;1;1
"VBI2";317120;1;"9120";100;"Binnen";"Atlantic";1;1;153942,194856;160679,910856;"VBI2317120";"9120";1;61,3330985915493;1;1
"VBI2";317126;1;"9120";100;"Binnen";"Atlantic";1;1;151976,646856;160169,842856;"VBI2317126";"9120";1;61,3330985915493;1;1
"VBI2";317127;1;"9120";100;"Binnen";"Atlantic";1;1;152940,189856;160207,367856;"VBI2317127";"9120";1;61,3330985915493;1;1
"VBI2";317128;1;"9120";100;"Binnen";"Atlantic";1;1;153942,141856;160179,883856;"VBI2317128";"9120";1;61,3330985915493;1;1
"VBI2";317135;1;"9120";100;"Binnen";"Atlantic";1;1;152942,112856;159679,906856;"VBI2317135";"9120";1;61,3330985915493;1;1
"VBI2";317136;1;"9120";100;"Binnen";"Atlantic";0,95;1;153942,150856;159679,855856;"VBI2317136";"9120";0,95;61,3330985915493;1;0,95
"VBI2";317143;1;"9120";100;"Binnen";"Atlantic";1;1;152942,217856;159179,837856;"VBI2317143";"9120";1;61,3330985915493;1;1
"VBI2";317144;1;"9120";100;"Binnen";"Atlantic";0,89;1;153942,109856;159179,745856;"VBI2317144";"9120";0,89;61,3330985915493;1;0,89
"VBI2";317155;1;"9120";70;"Buiten";"Atlantic";0,68;1;148942,177856;158179,807856;"VBI2317155";"9120";0,68;66,6438016528926;1,08658788131202;0,738879759292171
"VBI2";318004;1;"9120";100;"Buiten";"Atlantic";1;1;157942,286856;167679,760856;"VBI2318004";"9120";1;66,6438016528926;1,08658788131202;1,08658788131202
"VBI2";318011;1;"9120";100;"Binnen";"Atlantic";0,96;1;156942,144856;167179,762856;"VBI2318011";"9120";0,96;61,3330985915493;1;0,96
"VBI2";318012;1;"9120";100;"Binnen";"Atlantic";0,9;1;157942,164856;167179,848856;"VBI2318012";"9120";0,9;61,3330985915493;1;0,9
"VBI2";318015;1;"9120";100;"Binnen";"Atlantic";1;1;160942,225856;167179,806856;"VBI2318015";"9120";1;61,3330985915493;1;1
"VBI2";318019;1;"9120";100;"Binnen";"Atlantic";0,93;1;156942,025856;166679,873856;"VBI2318019";"9120";0,93;61,3330985915493;1;0,93
"VBI2";318022;1;"9120";100;"Binnen";"Atlantic";1;1;159959,168856;166692,616856;"VBI2318022";"9120";1;61,3330985915493;1;1
"VBI2";318027;1;"9120";100;"Binnen";"Atlantic";1;1;156945,141856;166157,781856;"VBI2318027";"9120";1;61,3330985915493;1;1
"VBI2";318028;1;"9120";100;"Binnen";"Atlantic";1;1;157942,151856;166179,798856;"VBI2318028";"9120";1;61,3330985915493;1;1
"VBI2";318029;1;"9120";70;"Binnen";"Atlantic";1;1;158942,098856;166179,634856;"VBI2318029";"9120";1;61,3330985915493;1;1
"VBI2";318030;1;"9120";100;"Binnen";"Atlantic";0,93;0,634408602150538;159942,074856;166179,878856;"VBI2318030";"9120";0,59;61,3330985915493;1;0,59
"VBI2";318035;1;"9120";100;"Binnen";"Atlantic";1;1;156942,193856;165679,652856;"VBI2318035";"9120";1;61,3330985915493;1;1
"VBI2";318036;1;"9120";100;"Binnen";"Atlantic";1;1;157942,206856;165679,744856;"VBI2318036";"9120";1;61,3330985915493;1;1
"VBI2";318037;1;"9120";100;"Binnen";"Atlantic";1;1;158942,109856;165679,784856;"VBI2318037";"9120";1;61,3330985915493;1;1
"VBI2";318038;1;"9120";100;"Binnen";"Atlantic";1;1;159942,095856;165679,851856;"VBI2318038";"9120";1;61,3330985915493;1;1
"VBI2";318039;1;"9120";100;"Binnen";"Atlantic";1;1;160965,736856;165662,110856;"VBI2318039";"9120";1;61,3330985915493;1;1
"VBI2";318044;1;"9120";100;"Binnen";"Atlantic";1;1;157942,105856;165179,947856;"VBI2318044";"9120";1;61,3330985915493;1;1
"VBI2";318077;1;"9120";100;"Buiten";"Atlantic";1;1;158942,161856;163179,881856;"VBI2318077";"9120";1;66,6438016528926;1,08658788131202;1,08658788131202
"VBI2";318081;1;"9120";100;"Binnen";"Atlantic";1;1;154942,343856;162679,810856;"VBI2318081";"9120";1;61,3330985915493;1;1
"VBI2";318082;1;"9120";100;"Binnen";"Atlantic";1;1;155942,166856;162679,858856;"VBI2318082";"9120";1;61,3330985915493;1;1
"VBI2";318089;1;"9120";100;"Binnen";"Atlantic";1;1;154942,124856;162179,787856;"VBI2318089";"9120";1;61,3330985915493;1;1
"VBI2";318090;1;"9120";100;"Binnen";"Atlantic";1;1;155942,159856;162179,840856;"VBI2318090";"9120";1;61,3330985915493;1;1
"VBI2";318092;1;"9120";100;"Buiten";"Atlantic";1;1;157942,276856;162180,017856;"VBI2318092";"9120";1;66,6438016528926;1,08658788131202;1,08658788131202
"VBI2";318097;1;"9120";100;"Binnen";"Atlantic";1;1;154942,234856;161679,847856;"VBI2318097";"9120";1;61,3330985915493;1;1
"VBI2";318098;1;"91E0_vn";100;"Buiten";"Atlantic";1;1;155942,309856;161679,734856;"VBI2318098";"91E0_vn";1;59,7625;1;1
"VBI2";318103;1;"9120";100;"Buiten";"Atlantic";1;1;160942,279856;161679,924856;"VBI2318103";"9120";1;66,6438016528926;1,08658788131202;1,08658788131202
"VBI2";318106;1;"9120";100;"Buiten";"Atlantic";0,64;1;155942,220856;161179,684856;"VBI2318106";"9120";0,64;66,6438016528926;1,08658788131202;0,69541624403969
"VBI2";318114;1;"9120";100;"Binnen";"Atlantic";1;1;155942,249856;160679,868856;"VBI2318114";"9120";1;61,3330985915493;1;1
"VBI2";318121;1;"9120";100;"Binnen";"Atlantic";1;1;154942,109856;160179,787856;"VBI2318121";"9120";1;61,3330985915493;1;1
"VBI2";318122;1;"9120";100;"Binnen";"Atlantic";1;1;155942,185856;160179,861856;"VBI2318122";"9120";1;61,3330985915493;1;1
"VBI2";318129;1;"9120";100;"Binnen";"Atlantic";0,95;0,947368421052632;154942,336856;159679,810856;"VBI2318129";"9120";0,9;61,3330985915493;1;0,9
"VBI2";318137;1;"9120";100;"Binnen";"Atlantic";1;1;154942,123856;159179,818856;"VBI2318137";"9120";1;61,3330985915493;1;1
"VBI2";321005;1;"91E0_va";100;"Binnen";"Atlantic";0,99;1;166940,558856;177674,485856;"VBI2321005";"91E0_va";0,99;52,8133333333333;1;0,99
"VBI2";321036;1;"91E0_vn";60;"Binnen";"Atlantic";1;1;165933,206856;175659,257856;"VBI2321036";"91E0_vn";1;124,157142857143;2,0775091881555;2,0775091881555
"VBI2";321042;1;"9160";90;"Binnen";"Atlantic";1;1;163945,073856;175181,672856;"VBI2321042";"9160";1;73,8259259259259;1;1
"VBI2";321043;1;"9160";100;"Binnen";"Atlantic";1;1;164956,235856;175189,143856;"VBI2321043";"9160";1;73,8259259259259;1;1
"VBI2";321049;1;"9120";100;"Binnen";"Atlantic";1;1;162942,336856;174679,930856;"VBI2321049";"9120";1;61,3330985915493;1;1
"VBI2";321053;1;"9120";100;"Binnen";"Atlantic";1;1;166972,210856;174681,731856;"VBI2321053";"9120";1;61,3330985915493;1;1
"VBI2";321054;1;"9120";85;"Binnen";"Atlantic";1;1;167933,183856;174680,864856;"VBI2321054";"9120";1;61,3330985915493;1;1
"VBI2";321055;1;"9120";100;"Binnen";"Atlantic";1;1;168924,104856;174675,094856;"VBI2321055";"9120";1;61,3330985915493;1;1
"VBI2";321081;1;"9160";95;"Binnen";"Atlantic";1;1;162920,018856;172680,917856;"VBI2321081";"9160";1;73,8259259259259;1;1
"VBI2";321082;1;"9120";100;"Buiten";"Atlantic";0,83;1;163942,270856;172679,870856;"VBI2321082";"9120";0,83;66,6438016528926;1,08658788131202;0,901867941488974
"VBI2";321120;1;"91E0_vn";80;"Binnen";"Atlantic";1;1;169987,533856;170669,314856;"VBI2321120";"91E0_vn";1;124,157142857143;2,0775091881555;2,0775091881555
"VBI2";321132;1;"9120";100;"Binnen";"Atlantic";1;1;165942,032856;169679,669856;"VBI2321132";"9120";1;61,3330985915493;1;1
"VBI2";321137;1;"91E0_va";60;"Buiten";"Atlantic";0,91;1;162942,076856;169179,797856;"VBI2321137";"91E0_va";0,91;106,804761904762;2,02230677678797;1,84029916687705
"VBI2";321140;1;"9120";100;"Binnen";"Atlantic";1;1;165940,202856;169178,717856;"VBI2321140";"9120";1;61,3330985915493;1;1
"VBI2";321148;1;"9120";100;"Binnen";"Atlantic";1;1;165942,149856;168679,829856;"VBI2321148";"9120";1;61,3330985915493;1;1
"VBI2";321156;1;"9120";100;"Binnen";"Atlantic";1;1;165948,165856;168191,391856;"VBI2321156";"9120";1;61,3330985915493;1;1
"VBI2";321159;1;"91E0_va";100;"Binnen";"Atlantic";1;1;168938,326856;168175,931856;"VBI2321159";"91E0_va";1;52,8133333333333;1;1
"VBI2";322106;1;"9120";100;"Binnen";"Atlantic";1;1;171942,278856;171179,833856;"VBI2322106";"9120";1;61,3330985915493;1;1
"VBI2";322123;1;"9120";70;"Binnen";"Atlantic";1;1;172938,141856;170170,885856;"VBI2322123";"9120";1;61,3330985915493;1;1
"VBI2";322130;1;"9120";100;"Binnen";"Atlantic";1;1;171918,498856;169669,147856;"VBI2322130";"9120";1;61,3330985915493;1;1
"VBI2";322138;1;"9120";100;"Binnen";"Atlantic";1;1;171950,160856;169179,852856;"VBI2322138";"9120";1;61,3330985915493;1;1
"VBI2";322146;1;"9120";100;"Binnen";"Atlantic";1;1;171914,761856;168708,282856;"VBI2322146";"9120";1;61,3330985915493;1;1
"VBI2";323031;1;"9160";60;"Buiten";"Atlantic";NA;NA;184942,2;176179,8;"VBI2323031";"9160";1;76,021052631579;1,02973381881936;1,02973381881936
"VBI2";323038;1;"9120";100;"Buiten";"Atlantic";1;1;183942,2;175679,8;"VBI2323038";"9120";1;66,6438016528926;1,08658788131202;1,08658788131202
"VBI2";323047;1;"9160";70;"Buiten";"Atlantic";1;1;184942,2;175179,8;"VBI2323047";"9160";1;76,021052631579;1,02973381881936;1,02973381881936
"VBI2";323079;1;"91E0_va";100;"Buiten";"Atlantic";0,92;1;184942,2;173179,8;"VBI2323079";"91E0_va";0,92;106,804761904762;2,02230677678797;1,86052223464493
"VBI2";323109;1;"9120";100;"Buiten";"Atlantic";1;1;182942,2;171179,8;"VBI2323109";"9120";1;66,6438016528926;1,08658788131202;1,08658788131202
"VBI2";324007;1;"9120";100;"Binnen";"Atlantic";0,96;1;192942,150856;177679,566856;"VBI2324007";"9120";0,96;61,3330985915493;1;0,96
"VBI2";324016;1;"9160";100;"Binnen";"Atlantic";0,8;1;193942,142856;177179,751856;"VBI2324016";"9160";0,8;73,8259259259259;1;0,8
"VBI2";324024;1;"9160";100;"Binnen";"Atlantic";1;1;193951,722856;176691,476856;"VBI2324024";"9160";1;73,8259259259259;1;1
"VBI2";324036;1;"9120";70;"Buiten";"Atlantic";0,84;1;189942,179856;175679,887856;"VBI2324036";"9120";0,84;66,6438016528926;1,08658788131202;0,912733820302094
"VBI2";324043;1;"9120";100;"Buiten";"Atlantic";0,94;1;188942,130856;175179,811856;"VBI2324043";"9120";0,94;66,6438016528926;1,08658788131202;1,0213926084333
"VBI2";324060;1;"9120";100;"Buiten";"Atlantic";0,89;0,674157303370786;189942,215856;174179,897856;"VBI2324060";"9120";0,6;66,6438016528926;1,08658788131202;0,65195272878721
"VBI2";324071;1;"9160";100;"Binnen";"Atlantic";1;1;192950,592856;173677,108856;"VBI2324071";"9160";1;73,8259259259259;1;1
"VBI2";324075;1;"9120";100;"Buiten";"Atlantic";1;1;188964,901856;173159,266856;"VBI2324075";"9120";1;66,6438016528926;1,08658788131202;1,08658788131202
"VBI2";325016;1;"91E0_va";60;"Binnen";"Atlantic";1;1;169986,954856;167194,584856;"VBI2325016";"91E0_va";1;52,8133333333333;1;1
"VBI2";325028;1;"9120";100;"Buiten";"Atlantic";1;1;165957,736856;166172,062856;"VBI2325028";"9120";1;66,6438016528926;1,08658788131202;1,08658788131202
"VBI2";325029;1;"91E0_va";60;"Buiten";"Atlantic";0,93;1;166995,949856;166139,789856;"VBI2325029";"91E0_va";0,93;106,804761904762;2,02230677678797;1,88074530241281
"VBI2";325031;1;"91E0_va";100;"Binnen";"Atlantic";1;1;168933,245856;166169,967856;"VBI2325031";"91E0_va";1;52,8133333333333;1;1
"VBI2";325058;1;"9120";70;"Binnen";"Atlantic";1;1;163942,256856;164179,904856;"VBI2325058";"9120";1;61,3330985915493;1;1
"VBI2";325061;1;"9120";70;"Buiten";"Atlantic";1;1;166942,182856;164179,828856;"VBI2325061";"9120";1;66,6438016528926;1,08658788131202;1,08658788131202
"VBI2";325066;1;"91E0_va";70;"Binnen";"Atlantic";NA;NA;163942,314856;163679,790856;"VBI2325066";"91E0_va";1;52,8133333333333;1;1
"VBI2";325077;1;"9120";100;"Buiten";"Atlantic";1;1;166912,904856;163212,050856;"VBI2325077";"9120";1;66,6438016528926;1,08658788131202;1,08658788131202
"VBI2";325078;1;"91E0_va";100;"Binnen";"Atlantic";1;1;167947,337856;163226,503856;"VBI2325078";"91E0_va";1;52,8133333333333;1;1
"VBI2";325084;1;"9120";100;"Buiten";"Atlantic";0,75;1;165942,088856;162679,941856;"VBI2325084";"9120";0,75;66,6438016528926;1,08658788131202;0,814940910984012
"VBI2";325093;1;"91E0_va";95;"Binnen";"Atlantic";1;1;166916,293856;162191,891856;"VBI2325093";"91E0_va";1;52,8133333333333;1;1
"VBI2";325101;1;"9120";100;"Binnen";"Atlantic";1;1;166900,872856;161676,994856;"VBI2325101";"9120";1;61,3330985915493;1;1
"VBI2";325127;1;"9120";100;"Binnen";"Atlantic";1;1;168942,076856;160179,868856;"VBI2325127";"9120";1;61,3330985915493;1;1
"VBI2";326012;1;"9120";90;"Binnen";"Atlantic";1;1;173934,866856;167175,068856;"VBI2326012";"9120";1;61,3330985915493;1;1
"VBI2";326017;1;"9120";100;"Binnen";"Atlantic";1;1;170942,125856;166679,796856;"VBI2326017";"9120";1;61,3330985915493;1;1
"VBI2";326020;1;"9120";70;"Binnen";"Atlantic";1;1;173942,259856;166679,868856;"VBI2326020";"9120";1;61,3330985915493;1;1
"VBI2";326026;1;"9120";100;"Binnen";"Atlantic";1;0,27;171942,090856;166179,671856;"VBI2326026";"9120";0,27;61,3330985915493;1;0,27
"VBI2";326027;1;"9120";50;"Binnen";"Atlantic";1;1;172937,889856;166178,092856;"VBI2326027";"9120";1;61,3330985915493;1;1
"VBI2";326027;1;"9190";50;"Binnen";"Atlantic";1;1;172937,889856;166178,092856;"VBI2326027";"9190";1;57,19;1;1
"VBI2";326028;1;"9120";100;"Binnen";"Atlantic";1;1;173933,729856;166192,227856;"VBI2326028";"9120";1;61,3330985915493;1;1
"VBI2";326034;1;"9190";100;"Binnen";"Atlantic";1;1;171964,356856;165698,580856;"VBI2326034";"9190";1;57,19;1;1
"VBI2";326035;1;"9160";100;"Binnen";"Atlantic";1;1;172956,011856;165691,901856;"VBI2326035";"9160";1;73,8259259259259;1;1
"VBI2";326036;1;"9120";100;"Binnen";"Atlantic";1;0,59;173945,201856;165682,784856;"VBI2326036";"9120";0,59;61,3330985915493;1;0,59
"VBI2";326041;1;"9120";100;"Binnen";"Atlantic";1;1;170894,190856;165164,389856;"VBI2326041";"9120";1;61,3330985915493;1;1
"VBI2";326042;1;"9120";100;"Binnen";"Atlantic";1;1;171950,967856;165164,964856;"VBI2326042";"9120";1;61,3330985915493;1;1
"VBI2";326043;1;"9160";100;"Binnen";"Atlantic";1;1;172943,042856;165182,716856;"VBI2326043";"9160";1;73,8259259259259;1;1
"VBI2";326044;1;"9160";100;"Binnen";"Atlantic";1;1;173952,491856;165176,590856;"VBI2326044";"9160";1;73,8259259259259;1;1
"VBI2";326051;1;"9120";100;"Binnen";"Atlantic";1;1;172942,185856;164679,816856;"VBI2326051";"9120";1;61,3330985915493;1;1
"VBI2";331002;1;"9160";100;"Buiten";"Atlantic";0,58;1;195942,340856;177679,762856;"VBI2331002";"9160";0,58;76,021052631579;1,02973381881936;0,597245614915229
"VBI2";331082;1;"9120";100;"Buiten";"Atlantic";1;1;195946,544856;172687,058856;"VBI2331082";"9120";1;66,6438016528926;1,08658788131202;1,08658788131202
"VBI2";332061;1;"9120";100;"Buiten";"Atlantic";1;1;206940,142856;174178,777856;"VBI2332061";"9120";1;66,6438016528926;1,08658788131202;1,08658788131202
"VBI2";332088;1;"9120";50;"Binnen";"Atlantic";1;1;209934,560856;172699,792856;"VBI2332088";"9120";1;61,3330985915493;1;1
"VBI2";332096;1;"9120";100;"Binnen";"Atlantic";1;1;209942,490856;172161,483856;"VBI2332096";"9120";1;61,3330985915493;1;1
"VBI2";332123;1;"9120";100;"Binnen";"Atlantic";1;1;204921,310856;170163,266856;"VBI2332123";"9120";1;61,3330985915493;1;1
"VBI2";332138;1;"9120";100;"Binnen";"Atlantic";0,9;1;203927,946856;169183,793856;"VBI2332138";"9120";0,9;61,3330985915493;1;0,9
"VBI2";334043;1;"9120";100;"Binnen";"Atlantic";1;0,67;220942,2;175179,8;"VBI2334043";"9120";0,67;61,3330985915493;1;0,67
"VBI2";334055;1;"9190";100;"Binnen";"Atlantic";0,56;1;224942,2;174679,8;"VBI2334055";"9190";0,56;57,19;1;0,56
"VBI2";334108;1;"9120";70;"Binnen";"Atlantic";0,99;0,535353535353535;221942,2;171179,8;"VBI2334108";"9120";0,53;61,3330985915493;1;0,53
"VBI2";335037;1;"91E0_va";100;"Buiten";"Atlantic";1;1;198942,155856;165680,028856;"VBI2335037";"91E0_va";1;106,804761904762;2,02230677678797;2,02230677678797
"VBI2";336040;1;"91E0_va";100;"Buiten";"Atlantic";1;1;209942,059856;165679,712856;"VBI2336040";"91E0_va";1;106,804761904762;2,02230677678797;2,02230677678797
"VBI2";336055;1;"9160";100;"Buiten";"Atlantic";1;1;208942,2;164679,8;"VBI2336055";"9160";1;76,021052631579;1,02973381881936;1,02973381881936
"VBI2";336078;1;"9160";100;"Buiten";"Atlantic";1;1;207954,015856;163199,725856;"VBI2336078";"9160";1;76,021052631579;1,02973381881936;1,02973381881936
"VBI2";341022;1;"9120";100;"Binnen";"Atlantic";0,69;1;231942,243856;176679,791856;"VBI2341022";"9120";0,69;61,3330985915493;1;0,69
"VBI2";341047;1;"9120";100;"Binnen";"Atlantic";0,72;1;232942,182856;175179,831856;"VBI2341047";"9120";0,72;61,3330985915493;1;0,72
"VBI2";341100;1;"91E0_va";60;"Buiten";"Atlantic";0,96;0,552083333333333;229942,123856;171679,795856;"VBI2341100";"91E0_va";0,53;106,804761904762;2,02230677678797;1,07182259169762
"VBI2";341121;1;"9120";100;"Binnen";"Atlantic";1;1;226942,158856;170179,844856;"VBI2341121";"9120";1;61,3330985915493;1;1
"VBI2";341137;1;"91E0_va";60;"Binnen";"Atlantic";0,92;1;226942,210856;169179,890856;"VBI2341137";"91E0_va";0,92;52,8133333333333;1;0,92
"VBI2";345004;1;"91E0_va";100;"Binnen";"Atlantic";1;1;229942,182856;167679,854856;"VBI2345004";"91E0_va";1;52,8133333333333;1;1
"VBI2";347088;1;"9120";70;"Binnen";"Continental";0,99;1;249933,165856;162677,051856;"VBI2347088";"9120";0,99;61,3330985915493;1;0,99
"VBI2";347104;1;"9120";70;"Binnen";"Continental";0,99;1;249965,801856;161665,140856;"VBI2347104";"9120";0,99;61,3330985915493;1;0,99
"VBI2";348116;1;"9160";100;"Binnen";"Continental";0,8;1;253922,840856;160641,465856;"VBI2348116";"9160";0,8;73,8259259259259;1;0,8
"VBI2";348129;1;"9160";60;"Buiten";"Continental";1;1;250926,759856;159652,271856;"VBI2348129";"9160";1;76,021052631579;1,02973381881936;1,02973381881936
"VBI2";348139;1;"9110";100;"Binnen";"Continental";1;1;252947,222856;159197,973856;"VBI2348139";"9110";1;160,85;5,01090342679128;5,01090342679128
"VBI2";348140;1;"9110";100;"Binnen";"Continental";1;1;253995,896856;159146,143856;"VBI2348140";"9110";1;160,85;5,01090342679128;5,01090342679128
"VBI2";348156;1;"9110";100;"Buiten";"Continental";1;1;254023,267856;158223,185856;"VBI2348156";"9110";1;32,1;1;1
"VBI2";383011;1;"91E0_vc";70;"Buiten";"Atlantic";0,73;1;116942,191856;157179,905856;"VBI2383011";"91E0_vc";0,73;18,47;1,36950074147306;0,999735541275333
"VBI2";384016;1;"9130";100;"Binnen";"Atlantic";1;1;129909,772856;157192,545856;"VBI2384016";"9130";1;1,18965517241379;1;1
"VBI2";384032;1;"9130";100;"Binnen";"Atlantic";1;1;129951,955856;156147,496856;"VBI2384032";"9130";1;1,18965517241379;1;1
"VBI2";391033;1;"9130";100;"Binnen";"Atlantic";1;1;130948,824856;155692,285856;"VBI2391033";"9130";1;1,18965517241379;1;1
"VBI2";392005;1;"9120";70;"Buiten";"Atlantic";0,98;1;142942,2;157679,8;"VBI2392005";"9120";0,98;66,6438016528926;1,08658788131202;1,06485612368578
"VBI2";392014;1;"91E0_va";70;"Binnen";"Atlantic";0,99;1;143942,2;157179,8;"VBI2392014";"91E0_va";0,99;52,8133333333333;1;0,99
"VBI2";392037;1;"9120";70;"Binnen";"Atlantic";0,54;1;142942,2;155679,8;"VBI2392037";"9120";0,54;61,3330985915493;1;0,54
"VBI2";392040;1;"9120";95;"Binnen";"Atlantic";0,96;0,958333333333333;145942,2;155679,8;"VBI2392040";"9120";0,92;61,3330985915493;1;0,92
"VBI2";392046;1;"9130";100;"Binnen";"Atlantic";1;1;143942,2;155179,8;"VBI2392046";"9130";1;1,18965517241379;1;1
"VBI2";392047;1;"9130";100;"Binnen";"Atlantic";1;1;144942,2;155179,8;"VBI2392047";"9130";1;1,18965517241379;1;1
"VBI2";392054;1;"9130";100;"Binnen";"Atlantic";1;1;143942,2;154679,8;"VBI2392054";"9130";1;1,18965517241379;1;1
"VBI2";392055;1;"9130";100;"Binnen";"Atlantic";1;1;144942,2;154679,8;"VBI2392055";"9130";1;1,18965517241379;1;1
"VBI2";392059;1;"9130";100;"Binnen";"Atlantic";1;1;140942,2;154179,8;"VBI2392059";"9130";1;1,18965517241379;1;1
"VBI2";392060;1;"9130";100;"Binnen";"Atlantic";1;1;141942,2;154179,8;"VBI2392060";"9130";1;1,18965517241379;1;1
"VBI2";392063;1;"9130";100;"Binnen";"Atlantic";1;1;144942,2;154179,8;"VBI2392063";"9130";1;1,18965517241379;1;1
"VBI2";392067;1;"9130";100;"Binnen";"Atlantic";1;1;140942,2;153679,8;"VBI2392067";"9130";1;1,18965517241379;1;1
"VBI2";413019;1;"9160";100;"Buiten";"Atlantic";1;1;212958,847856;156667,736856;"VBI2413019";"9160";1;76,021052631579;1,02973381881936;1,02973381881936
"MHK";2198;1;"9160";NA;"Binnen";"Atlantic";NA;NA;162781,557;209934,009;"MHK2198";"9160";0,725097149033711;73,8259259259259;1;0,725097149033711
"MHK";2742;1;"91E0_vo";NA;"Binnen";"Atlantic";NA;NA;216573,56;191598,173;"MHK2742";"91E0_vo";1;27,7333333333333;1;1
"MHK";3970;1;"9160";NA;"Binnen";"Continental";NA;NA;257277,528;160942,081;"MHK3970";"9160";0,993293859339881;73,8259259259259;1;0,993293859339881
"MHK";4945;1;"9130";NA;"Binnen";"Atlantic";NA;NA;40057,813;164147,159;"MHK4945";"9130";1;1,18965517241379;1;1
"MHK";6278;1;"9160";NA;"Binnen";"Atlantic";NA;NA;183325,595;179758,195;"MHK6278";"9160";1;73,8259259259259;1;1
"MHK";7145;1;"9160";NA;"Buiten";"Atlantic";NA;NA;151901,6;188046,196;"MHK7145";"9160";1;76,021052631579;1,02973381881936;1,02973381881936
"MHK";7785;1;"9190";NA;"Binnen";"Atlantic";NA;NA;130205,502;214350,062;"MHK7785";"9190";1;57,19;1;1
"MHK";8121;1;"91E0_vc";NA;"Binnen";"Atlantic";NA;NA;145484,288;160193,921;"MHK8121";"91E0_vc";1;13,4866666666667;1;1
"MHK";8217;1;"9130";NA;"Binnen";"Atlantic";NA;NA;99773,625;162733,941;"MHK8217";"9130";1;1,18965517241379;1;1
"MHK";9262;1;"9120";NA;"Binnen";"Atlantic";NA;NA;187101,546;220078,468;"MHK9262";"9120";1;61,3330985915493;1;1
"MHK";10354;1;"9160";NA;"Buiten";"Atlantic";NA;NA;227773,578;161326,068;"MHK10354";"9160";1;76,021052631579;1,02973381881936;1,02973381881936
"MHK";11865;1;"91E0_vc";NA;"Binnen";"Atlantic";NA;NA;109264,167;183576,074;"MHK11865";"91E0_vc";1;13,4866666666667;1;1
"MHK";12470;1;"91E0_vm";NA;"Buiten";"Atlantic";NA;NA;209534,2355;197229,487;"MHK12470";"91E0_vm";1;113,1;1,64381001816766;1,64381001816766
"MHK";15782;1;"91E0_vc";NA;"Buiten";"Atlantic";NA;NA;187965,659;174286,167;"MHK15782";"91E0_vc";1;18,47;1,36950074147306;1,36950074147306
"MHK";16633;1;"91E0_vc";NA;"Buiten";"Atlantic";NA;NA;131677,565;180078,137;"MHK16633";"91E0_vc";0,95541400044609;18,47;1,36950074147306;1,30844018202466
"MHK";20470;1;"91E0_vm";NA;"Binnen";"Atlantic";NA;NA;189340,879;217966,531;"MHK20470";"91E0_vm";1;68,8035714285714;1;1
"MHK";23257;1;"9130";NA;"Buiten";"Atlantic";NA;NA;116404,887;156783,535;"MHK23257";"9130";0,752973825022801;12,5555555555556;10,5539452495974;7,94684452367059
"MHK";26393;1;"91E0_vc";NA;"Binnen";"Atlantic";NA;NA;98675,474;158360,086;"MHK26393";"91E0_vc";1;13,4866666666667;1;1
"MHK";45526;1;"91E0_vo";NA;"Binnen";"Atlantic";NA;NA;181181,687;217806,041;"MHK45526";"91E0_vo";1;27,7333333333333;1;1
"MHK";53561;1;"91E0_vc";NA;"Binnen";"Atlantic";NA;NA;130410,778;155930,868;"MHK53561";"91E0_vc";0,0424776683608906;13,4866666666667;1;0,0424776683608906
"MHK";85529;1;"91E0_vo";NA;"Binnen";"Atlantic";NA;NA;91357,671;162894,018;"MHK85529";"91E0_vo";0,675484034057534;27,7333333333333;1;0,675484034057534
"MHK";85890;1;"91E0_vc";NA;"Buiten";"Continental";NA;NA;257107,166;159634,942;"MHK85890";"91E0_vc";0,72451063359528;18,47;1,36950074147306;0,992217849913852
"MHK";88274;1;"9190";NA;"Binnen";"Atlantic";NA;NA;221629,627;199950,166;"MHK88274";"9190";0,668681633897236;57,19;1;0,668681633897236
"MHK";96217;1;"91E0_vc";NA;"Binnen";"Atlantic";NA;NA;104092,455;162661,349;"MHK96217";"91E0_vc";0,0500316335302337;13,4866666666667;1;0,0500316335302337
"MHK";103609;1;"91E0_vc";NA;"Binnen";"Atlantic";NA;NA;144191,122;155670,431;"MHK103609";"91E0_vc";0,401518448283242;13,4866666666667;1;0,401518448283242
"MHK";104342;1;"91E0_vc";NA;"Binnen";"Atlantic";NA;NA;168183,537;211702,171;"MHK104342";"91E0_vc";1;13,4866666666667;1;1
"MHK";136697;1;"91E0_vc";NA;"Buiten";"Atlantic";NA;NA;133117,609;169998,071;"MHK136697";"91E0_vc";1;18,47;1,36950074147306;1,36950074147306
"MHK";140006;1;"9190";NA;"Buiten";"Atlantic";NA;NA;211421,642;185326,211;"MHK140006";"9190";1;75,7607142857143;1,32471960632478;1,32471960632478
"MHK";146265;1;"91E0_vc";NA;"Binnen";"Atlantic";NA;NA;113803,025;178086,285;"MHK146265";"91E0_vc";0,890433591520262;13,4866666666667;1;0,890433591520262
"MHK";147174;1;"9190";NA;"Binnen";"Atlantic";NA;NA;216381,591;185262,092;"MHK147174";"9190";1;57,19;1;1
"MHK";155346;1;"91E0_vo";NA;"Binnen";"Atlantic";NA;NA;223837,722;190574,083;"MHK155346";"91E0_vo";1;27,7333333333333;1;1
"MHK";159414;1;"91E0_vo";NA;"Binnen";"Atlantic";NA;NA;215389,479;188622,039;"MHK159414";"91E0_vo";0,832130813138851;27,7333333333333;1;0,832130813138851
"MHK";164793;1;"91E0_vc";NA;"Binnen";"Atlantic";NA;NA;145717,988;156392,65;"MHK164793";"91E0_vc";0,183143129792357;13,4866666666667;1;0,183143129792357
"MHK";165913;1;"91E0_vc";NA;"Buiten";"Atlantic";NA;NA;101279,794;167846,344;"MHK165913";"91E0_vc";0,784901092557371;18,47;1,36950074147306;1,07492262824033
"MHK";188022;1;"91E0_vo";NA;"Binnen";"Atlantic";NA;NA;212733,525;207694,118;"MHK188022";"91E0_vo";1;27,7333333333333;1;1
"MHK";198137;1;"91E0_vc";NA;"Buiten";"Atlantic";NA;NA;134621,569;172590,114;"MHK198137";"91E0_vc";1;18,47;1,36950074147306;1,36950074147306
"MHK";201689;1;"91E0_vc";NA;"Binnen";"Atlantic";NA;NA;104637,555;166190,167;"MHK201689";"91E0_vc";0,932537933471431;13,4866666666667;1;0,932537933471431
"MHK";211193;1;"91E0_vc";NA;"Binnen";"Atlantic";NA;NA;135261,531;179342,104;"MHK211193";"91E0_vc";1;13,4866666666667;1;1
"MHK";230930;1;"91E0_vo";NA;"Buiten";"Atlantic";NA;NA;232541,575;212366,115;"MHK230930";"91E0_vo";1;56,4333333333333;2,03485576923077;2,03485576923077
"MHK";234297;1;"91E0_vc";NA;"Binnen";"Atlantic";NA;NA;130749,557;163598,106;"MHK234297";"91E0_vc";1;13,4866666666667;1;1
"MHK";253593;1;"91E0_vc";NA;"Buiten";"Atlantic";NA;NA;93155,961;180033,355;"MHK253593";"91E0_vc";1;18,47;1,36950074147306;1,36950074147306
"MHK";257081;1;"91E0_vc";NA;"Binnen";"Atlantic";NA;NA;122079,918;164497,308;"MHK257081";"91E0_vc";1;13,4866666666667;1;1
"MHK";284729;1;"91E0_vc";NA;"Binnen";"Atlantic";NA;NA;127996,472;167392,802;"MHK284729";"91E0_vc";1;13,4866666666667;1;1
