"Scenario";"ID";"Habitattype";"Habitatsubtype";"Versie";"SBZH";"Regio";"PlotWeight";"StratumWeight";"WeightComb";"nGunstig";"nIndicatoren";"n_zb_Ongunstig";"AandeelGunstig";"Status_habitatvlek"
"Voorwaarde_max";"100050";"4010";"4010";"Versie 2.0";"Binnen";"Atlantic";0,759792926627744;59,3729147585655;45,1111206668301;5;6;0;83,3333333333333;1
"Voorwaarde_max";"100050";"4010";"4010";"Versie 3";"Binnen";"Atlantic";0,759792926627744;59,3729147585655;45,1111206668301;3;4;0;75;1
"Voorwaarde_max";"1003230";"2330";"2330_bu";"Versie 2.0";"Binnen";"Atlantic";0,999970507446378;16,7230246124945;16,7225314077944;4;7;1;57,1428571428571;0
"Voorwaarde_max";"1003230";"2330";"2330_bu";"Versie 3";"Binnen";"Atlantic";0,999970507446378;16,7230246124945;16,7225314077944;3;6;1;50;0
"Voorwaarde_max";"102098";"2310";"2310";"Versie 2.0";"Binnen";"Atlantic";1;41,4513647749938;41,4513647749938;7;8;0;87,5;1
"Voorwaarde_max";"102098";"2310";"2310";"Versie 3";"Binnen";"Atlantic";1;41,4513647749938;41,4513647749938;5;8;1;62,5;0
"Voorwaarde_max";"1043410";"2330";"2330_bu";"Versie 2.0";"Binnen";"Atlantic";1;16,7230246124945;16,7230246124945;4;7;2;57,1428571428571;0
"Voorwaarde_max";"1043410";"2330";"2330_bu";"Versie 3";"Binnen";"Atlantic";1;16,7230246124945;16,7230246124945;3;6;2;50;0
"Voorwaarde_max";"105682";"2310";"2310";"Versie 2.0";"Binnen";"Atlantic";1;41,4513647749938;41,4513647749938;4;8;1;50;0
"Voorwaarde_max";"105682";"2310";"2310";"Versie 3";"Binnen";"Atlantic";1;41,4513647749938;41,4513647749938;2;8;2;25;0
"Voorwaarde_max";"106614";"4010";"4010";"Versie 2.0";"Binnen";"Atlantic";1;59,3729147585655;59,3729147585655;4;6;1;66,6666666666667;0
"Voorwaarde_max";"106614";"4010";"4010";"Versie 3";"Binnen";"Atlantic";1;59,3729147585655;59,3729147585655;2;4;1;50;0
"Voorwaarde_max";"10706";"2310";"2310";"Versie 2.0";"Binnen";"Atlantic";1;41,4513647749938;41,4513647749938;6;8;1;75;0
"Voorwaarde_max";"10706";"2310";"2310";"Versie 3";"Binnen";"Atlantic";1;41,4513647749938;41,4513647749938;4;8;2;50;0
"Voorwaarde_max";"1076854";"2330";"2330_bu";"Versie 2.0";"Binnen";"Atlantic";0,999970507446378;16,7230246124945;16,7225314077944;4;7;2;57,1428571428571;0
"Voorwaarde_max";"1076854";"2330";"2330_bu";"Versie 3";"Binnen";"Atlantic";0,999970507446378;16,7230246124945;16,7225314077944;2;6;2;33,3333333333333;0
"Voorwaarde_max";"1085366";"2330";"2330_bu";"Versie 2.0";"Binnen";"Atlantic";0,683402483695316;16,7230246124945;11,4285565550766;5;7;2;71,4285714285714;0
"Voorwaarde_max";"1085366";"2330";"2330_bu";"Versie 3";"Binnen";"Atlantic";0,683402483695316;16,7230246124945;11,4285565550766;3;6;2;50;0
"Voorwaarde_max";"1092434";"2330";"2330_bu";"Versie 2.0";"Binnen";"Atlantic";1;16,7230246124945;16,7230246124945;2;7;2;28,5714285714286;0
"Voorwaarde_max";"1092434";"2330";"2330_bu";"Versie 3";"Binnen";"Atlantic";1;16,7230246124945;16,7230246124945;2;6;2;33,3333333333333;0
"Voorwaarde_max";"1110750";"2330";"2330_bu";"Versie 2.0";"Binnen";"Atlantic";0,999970507446378;16,7230246124945;16,7225314077944;4;7;2;57,1428571428571;0
"Voorwaarde_max";"1110750";"2330";"2330_bu";"Versie 3";"Binnen";"Atlantic";0,999970507446378;16,7230246124945;16,7225314077944;3;6;2;50;0
"Voorwaarde_max";"111326";"4010";"4010";"Versie 2.0";"Binnen";"Atlantic";1;59,3729147585655;59,3729147585655;3;6;0;50;0
"Voorwaarde_max";"111326";"4010";"4010";"Versie 3";"Binnen";"Atlantic";1;59,3729147585655;59,3729147585655;3;4;0;75;1
"Voorwaarde_max";"11218";"4010";"4010";"Versie 2.0";"Binnen";"Atlantic";0,999970507446378;59,3729147585655;59,3711636996933;3;6;1;50;0
"Voorwaarde_max";"11218";"4010";"4010";"Versie 3";"Binnen";"Atlantic";0,999970507446378;59,3729147585655;59,3711636996933;2;4;1;50;0
"Voorwaarde_max";"115422";"2310";"2310";"Versie 2.0";"Binnen";"Atlantic";1;41,4513647749938;41,4513647749938;4;8;2;50;0
"Voorwaarde_max";"115422";"2310";"2310";"Versie 3";"Binnen";"Atlantic";1;41,4513647749938;41,4513647749938;4;8;2;50;0
"Voorwaarde_max";"117202";"2310";"2310";"Versie 2.0";"Binnen";"Atlantic";1;41,4513647749938;41,4513647749938;4;8;2;50;0
"Voorwaarde_max";"117202";"2310";"2310";"Versie 3";"Binnen";"Atlantic";1;41,4513647749938;41,4513647749938;5;8;2;62,5;0
"Voorwaarde_max";"11742";"4010";"4010";"Versie 2.0";"Binnen";"Atlantic";1;59,3729147585655;59,3729147585655;4;6;1;66,6666666666667;0
"Voorwaarde_max";"11742";"4010";"4010";"Versie 3";"Binnen";"Atlantic";1;59,3729147585655;59,3729147585655;2;4;1;50;0
"Voorwaarde_max";"120018";"4010";"4010";"Versie 2.0";"Binnen";"Atlantic";1;59,3729147585655;59,3729147585655;2;6;1;33,3333333333333;0
"Voorwaarde_max";"120018";"4010";"4010";"Versie 3";"Binnen";"Atlantic";1;59,3729147585655;59,3729147585655;0;4;1;0;0
"Voorwaarde_max";"120110";"4010";"4010";"Versie 2.0";"Binnen";"Atlantic";1;59,3729147585655;59,3729147585655;4;6;0;66,6666666666667;1
"Voorwaarde_max";"120110";"4010";"4010";"Versie 3";"Binnen";"Atlantic";1;59,3729147585655;59,3729147585655;3;4;0;75;1
"Voorwaarde_max";"122578";"4010";"4010";"Versie 2.0";"Binnen";"Atlantic";0,7284374379628;59,3729147585655;43,2494539111132;2;6;1;33,3333333333333;0
"Voorwaarde_max";"122578";"4010";"4010";"Versie 3";"Binnen";"Atlantic";0,7284374379628;59,3729147585655;43,2494539111132;2;4;1;50;0
"Voorwaarde_max";"12274";"4030";"4030";"Versie 2.0";"Binnen";"Atlantic";1;114,382132088648;114,382132088648;1;5;1;20;0
"Voorwaarde_max";"12274";"4030";"4030";"Versie 3";"Binnen";"Atlantic";1;114,382132088648;114,382132088648;3;7;1;42,8571428571429;0
"Voorwaarde_max";"124278";"2310";"2310";"Versie 2.0";"Binnen";"Atlantic";1;41,4513647749938;41,4513647749938;4;8;2;50;0
"Voorwaarde_max";"124278";"2310";"2310";"Versie 3";"Binnen";"Atlantic";1;41,4513647749938;41,4513647749938;4;8;2;50;0
"Voorwaarde_max";"124382";"4010";"4010";"Versie 2.0";"Binnen";"Atlantic";1;59,3729147585655;59,3729147585655;2;6;1;33,3333333333333;0
"Voorwaarde_max";"124382";"4010";"4010";"Versie 3";"Binnen";"Atlantic";1;59,3729147585655;59,3729147585655;1;4;1;25;0
"Voorwaarde_max";"125394";"2310";"2310";"Versie 2.0";"Binnen";"Atlantic";1;41,4513647749938;41,4513647749938;5;8;1;62,5;0
"Voorwaarde_max";"125394";"2310";"2310";"Versie 3";"Binnen";"Atlantic";1;41,4513647749938;41,4513647749938;5;8;1;62,5;0
"Voorwaarde_max";"125998";"4030";"4030";"Versie 2.0";"Binnen";"Atlantic";0,867530016283834;114,382132088648;99,2299329134447;3;5;0;60;1
"Voorwaarde_max";"125998";"4030";"4030";"Versie 3";"Binnen";"Atlantic";0,867530016283834;114,382132088648;99,2299329134447;4;7;0;57,1428571428571;1
"Voorwaarde_max";"127710";"2310";"2310";"Versie 2.0";"Binnen";"Atlantic";1;41,4513647749938;41,4513647749938;5;8;2;62,5;0
"Voorwaarde_max";"127710";"2310";"2310";"Versie 3";"Binnen";"Atlantic";1;41,4513647749938;41,4513647749938;5;8;1;62,5;0
"Voorwaarde_max";"129234";"4010";"4010";"Versie 2.0";"Binnen";"Atlantic";1;59,3729147585655;59,3729147585655;1;6;1;16,6666666666667;0
"Voorwaarde_max";"129234";"4010";"4010";"Versie 3";"Binnen";"Atlantic";1;59,3729147585655;59,3729147585655;0;4;1;0;0
"Voorwaarde_max";"131806";"4010";"4010";"Versie 2.0";"Binnen";"Atlantic";1;59,3729147585655;59,3729147585655;4;6;0;66,6666666666667;1
"Voorwaarde_max";"131806";"4010";"4010";"Versie 3";"Binnen";"Atlantic";1;59,3729147585655;59,3729147585655;3;4;0;75;1
"Voorwaarde_max";"134098";"2310";"2310";"Versie 2.0";"Binnen";"Atlantic";1;41,4513647749938;41,4513647749938;4;8;1;50;0
"Voorwaarde_max";"134098";"2310";"2310";"Versie 3";"Binnen";"Atlantic";1;41,4513647749938;41,4513647749938;6;8;1;75;0
"Voorwaarde_max";"136402";"4030";"4030";"Versie 2.0";"Binnen";"Atlantic";1;114,382132088648;114,382132088648;3;5;1;60;0
"Voorwaarde_max";"136402";"4030";"4030";"Versie 3";"Binnen";"Atlantic";1;114,382132088648;114,382132088648;5;7;1;71,4285714285714;0
"Voorwaarde_max";"13686";"4030";"4030";"Versie 2.0";"Binnen";"Atlantic";1;114,382132088648;114,382132088648;2;5;1;40;0
"Voorwaarde_max";"13686";"4030";"4030";"Versie 3";"Binnen";"Atlantic";1;114,382132088648;114,382132088648;3;7;2;42,8571428571429;0
"Voorwaarde_max";"144094";"2310";"2310";"Versie 2.0";"Binnen";"Atlantic";1;41,4513647749938;41,4513647749938;2;8;2;25;0
"Voorwaarde_max";"144094";"2310";"2310";"Versie 3";"Binnen";"Atlantic";1;41,4513647749938;41,4513647749938;3;8;2;37,5;0
"Voorwaarde_max";"15070";"4010";"4010";"Versie 2.0";"Binnen";"Atlantic";1;59,3729147585655;59,3729147585655;2;6;1;33,3333333333333;0
"Voorwaarde_max";"15070";"4010";"4010";"Versie 3";"Binnen";"Atlantic";1;59,3729147585655;59,3729147585655;1;4;1;25;0
"Voorwaarde_max";"151250";"2310";"2310";"Versie 2.0";"Binnen";"Atlantic";1;41,4513647749938;41,4513647749938;6;8;1;75;0
"Voorwaarde_max";"151250";"2310";"2310";"Versie 3";"Binnen";"Atlantic";1;41,4513647749938;41,4513647749938;4;8;2;50;0
"Voorwaarde_max";"152786";"2310";"2310";"Versie 2.0";"Binnen";"Atlantic";0,704694860742418;41,4513647749938;29,2105637276975;5;8;2;62,5;0
"Voorwaarde_max";"152786";"2310";"2310";"Versie 3";"Binnen";"Atlantic";0,704694860742418;41,4513647749938;29,2105637276975;6;8;1;75;0
"Voorwaarde_max";"170834";"2330";"2330_bu";"Versie 2.0";"Buiten";"Atlantic";1;91,9972513460925;91,9972513460925;5;7;0;71,4285714285714;1
"Voorwaarde_max";"170834";"2330";"2330_bu";"Versie 3";"Buiten";"Atlantic";1;91,9972513460925;91,9972513460925;5;6;0;83,3333333333333;1
"Voorwaarde_max";"177078";"2330";"2330_bu";"Versie 2.0";"Binnen";"Atlantic";1;16,7230246124945;16,7230246124945;4;7;1;57,1428571428571;0
"Voorwaarde_max";"177078";"2330";"2330_bu";"Versie 3";"Binnen";"Atlantic";1;16,7230246124945;16,7230246124945;3;6;2;50;0
"Voorwaarde_max";"20178";"2310";"2310";"Versie 2.0";"Binnen";"Atlantic";1;41,4513647749938;41,4513647749938;3;8;2;37,5;0
"Voorwaarde_max";"20178";"2310";"2310";"Versie 3";"Binnen";"Atlantic";1;41,4513647749938;41,4513647749938;5;8;2;62,5;0
"Voorwaarde_max";"20406";"4030";"4030";"Versie 2.0";"Binnen";"Atlantic";1;114,382132088648;114,382132088648;2;5;1;40;0
"Voorwaarde_max";"20406";"4030";"4030";"Versie 3";"Binnen";"Atlantic";1;114,382132088648;114,382132088648;4;7;1;57,1428571428571;0
"Voorwaarde_max";"213942";"2330";"2330_bu";"Versie 2.0";"Binnen";"Atlantic";1;16,7230246124945;16,7230246124945;4;7;2;57,1428571428571;0
"Voorwaarde_max";"213942";"2330";"2330_bu";"Versie 3";"Binnen";"Atlantic";1;16,7230246124945;16,7230246124945;2;6;2;33,3333333333333;0
"Voorwaarde_max";"21430";"4030";"4030";"Versie 2.0";"Binnen";"Atlantic";0,765194370313666;114,382132088648;87,5245635387077;1;5;1;20;0
"Voorwaarde_max";"21430";"4030";"4030";"Versie 3";"Binnen";"Atlantic";0,765194370313666;114,382132088648;87,5245635387077;3;7;1;42,8571428571429;0
"Voorwaarde_max";"21714";"2330";"2330_bu";"Versie 2.0";"Binnen";"Atlantic";1;16,7230246124945;16,7230246124945;5;7;0;71,4285714285714;1
"Voorwaarde_max";"21714";"2330";"2330_bu";"Versie 3";"Binnen";"Atlantic";1;16,7230246124945;16,7230246124945;4;6;1;66,6666666666667;0
"Voorwaarde_max";"218322";"4030";"4030";"Versie 2.0";"Binnen";"Atlantic";1;114,382132088648;114,382132088648;2;5;1;40;0
"Voorwaarde_max";"218322";"4030";"4030";"Versie 3";"Binnen";"Atlantic";1;114,382132088648;114,382132088648;4;7;1;57,1428571428571;0
"Voorwaarde_max";"225910";"2330";"2330_bu";"Versie 2.0";"Binnen";"Atlantic";1;16,7230246124945;16,7230246124945;5;7;2;71,4285714285714;0
"Voorwaarde_max";"225910";"2330";"2330_bu";"Versie 3";"Binnen";"Atlantic";1;16,7230246124945;16,7230246124945;3;6;2;50;0
"Voorwaarde_max";"226230";"2330";"2330_bu";"Versie 2.0";"Binnen";"Atlantic";0,256367175307593;16,7230246124945;4,28723458250458;5;7;1;71,4285714285714;0
"Voorwaarde_max";"226230";"2330";"2330_bu";"Versie 3";"Binnen";"Atlantic";0,256367175307593;16,7230246124945;4,28723458250458;4;6;1;66,6666666666667;0
"Voorwaarde_max";"23538";"4010";"4010";"Versie 2.0";"Binnen";"Atlantic";1;59,3729147585655;59,3729147585655;0;6;1;0;0
"Voorwaarde_max";"23538";"4010";"4010";"Versie 3";"Binnen";"Atlantic";1;59,3729147585655;59,3729147585655;0;4;1;0;0
"Voorwaarde_max";"236370";"2330";"2330_bu";"Versie 2.0";"Binnen";"Atlantic";1;16,7230246124945;16,7230246124945;3;7;2;42,8571428571429;0
"Voorwaarde_max";"236370";"2330";"2330_bu";"Versie 3";"Binnen";"Atlantic";1;16,7230246124945;16,7230246124945;3;6;2;50;0
"Voorwaarde_max";"23762";"2310";"2310";"Versie 2.0";"Binnen";"Atlantic";1;41,4513647749938;41,4513647749938;6;8;1;75;0
"Voorwaarde_max";"23762";"2310";"2310";"Versie 3";"Binnen";"Atlantic";1;41,4513647749938;41,4513647749938;3;8;2;37,5;0
"Voorwaarde_max";"2610";"4030";"4030";"Versie 2.0";"Buiten";"Atlantic";1;375,394417555413;375,394417555413;3;5;0;60;1
"Voorwaarde_max";"2610";"4030";"4030";"Versie 3";"Buiten";"Atlantic";1;375,394417555413;375,394417555413;5;7;0;71,4285714285714;1
"Voorwaarde_max";"26322";"4030";"4030";"Versie 2.0";"Binnen";"Atlantic";1;114,382132088648;114,382132088648;4;5;0;80;1
"Voorwaarde_max";"26322";"4030";"4030";"Versie 3";"Binnen";"Atlantic";1;114,382132088648;114,382132088648;5;7;0;71,4285714285714;1
"Voorwaarde_max";"267190";"4030";"4030";"Versie 2.0";"Binnen";"Atlantic";1;114,382132088648;114,382132088648;4;5;0;80;1
"Voorwaarde_max";"267190";"4030";"4030";"Versie 3";"Binnen";"Atlantic";1;114,382132088648;114,382132088648;6;7;0;85,7142857142857;1
"Voorwaarde_max";"27090";"2310";"2310";"Versie 2.0";"Binnen";"Atlantic";1;41,4513647749938;41,4513647749938;5;8;1;62,5;0
"Voorwaarde_max";"27090";"2310";"2310";"Versie 3";"Binnen";"Atlantic";1;41,4513647749938;41,4513647749938;4;8;1;50;0
"Voorwaarde_max";"27602";"4030";"4030";"Versie 2.0";"Binnen";"Atlantic";1;114,382132088648;114,382132088648;4;5;0;80;1
"Voorwaarde_max";"27602";"4030";"4030";"Versie 3";"Binnen";"Atlantic";1;114,382132088648;114,382132088648;5;7;0;71,4285714285714;1
"Voorwaarde_max";"279478";"4010";"4010";"Versie 2.0";"Binnen";"Atlantic";1;59,3729147585655;59,3729147585655;1;6;1;16,6666666666667;0
"Voorwaarde_max";"279478";"4010";"4010";"Versie 3";"Binnen";"Atlantic";1;59,3729147585655;59,3729147585655;1;4;1;25;0
"Voorwaarde_max";"28126";"4010";"4010";"Versie 2.0";"Binnen";"Atlantic";1;59,3729147585655;59,3729147585655;2;6;1;33,3333333333333;0
"Voorwaarde_max";"28126";"4010";"4010";"Versie 3";"Binnen";"Atlantic";1;59,3729147585655;59,3729147585655;1;4;1;25;0
"Voorwaarde_max";"28370";"2310";"2310";"Versie 2.0";"Binnen";"Atlantic";0,871001951894246;41,4513647749938;36,1042196277;5;8;1;62,5;0
"Voorwaarde_max";"28370";"2310";"2310";"Versie 3";"Binnen";"Atlantic";0,871001951894246;41,4513647749938;36,1042196277;4;8;2;50;0
"Voorwaarde_max";"28658";"4030";"4030";"Versie 2.0";"Binnen";"Atlantic";1;114,382132088648;114,382132088648;2;5;1;40;0
"Voorwaarde_max";"28658";"4030";"4030";"Versie 3";"Binnen";"Atlantic";1;114,382132088648;114,382132088648;4;7;1;57,1428571428571;0
"Voorwaarde_max";"29406";"2310";"2310";"Versie 2.0";"Binnen";"Atlantic";1;41,4513647749938;41,4513647749938;7;8;1;87,5;0
"Voorwaarde_max";"29406";"2310";"2310";"Versie 3";"Binnen";"Atlantic";1;41,4513647749938;41,4513647749938;7;8;1;87,5;0
"Voorwaarde_max";"295862";"2330";"2330_bu";"Versie 2.0";"Binnen";"Atlantic";0,223782656804328;16,7230246124945;3,7423228775882;4;7;2;57,1428571428571;0
"Voorwaarde_max";"295862";"2330";"2330_bu";"Versie 3";"Binnen";"Atlantic";0,223782656804328;16,7230246124945;3,7423228775882;3;6;2;50;0
"Voorwaarde_max";"29622";"2310";"2310";"Versie 2.0";"Binnen";"Atlantic";0,698568377871301;41,4513647749938;28,956612651419;6;8;1;75;0
"Voorwaarde_max";"29622";"2310";"2310";"Versie 3";"Binnen";"Atlantic";0,698568377871301;41,4513647749938;28,956612651419;5;8;1;62,5;0
"Voorwaarde_max";"3026";"4030";"4030";"Versie 2.0";"Binnen";"Atlantic";0,979180156176559;114,382132088648;112,00071396237;1;5;1;20;0
"Voorwaarde_max";"3026";"4030";"4030";"Versie 3";"Binnen";"Atlantic";0,979180156176559;114,382132088648;112,00071396237;3;7;1;42,8571428571429;0
"Voorwaarde_max";"304338";"2310";"2310";"Versie 2.0";"Binnen";"Atlantic";1;41,4513647749938;41,4513647749938;4;8;1;50;0
"Voorwaarde_max";"304338";"2310";"2310";"Versie 3";"Binnen";"Atlantic";1;41,4513647749938;41,4513647749938;5;8;0;62,5;1
"Voorwaarde_max";"306130";"2310";"2310";"Versie 2.0";"Binnen";"Atlantic";1;41,4513647749938;41,4513647749938;7;8;1;87,5;0
"Voorwaarde_max";"306130";"2310";"2310";"Versie 3";"Binnen";"Atlantic";1;41,4513647749938;41,4513647749938;5;8;1;62,5;0
"Voorwaarde_max";"32466";"2310";"2310";"Versie 2.0";"Binnen";"Atlantic";1;41,4513647749938;41,4513647749938;3;8;2;37,5;0
"Voorwaarde_max";"32466";"2310";"2310";"Versie 3";"Binnen";"Atlantic";1;41,4513647749938;41,4513647749938;3;8;2;37,5;0
"Voorwaarde_max";"331702";"2310";"2310";"Versie 2.0";"Binnen";"Atlantic";0,76238754517531;41,4513647749938;31,6020042349739;6;8;0;75;1
"Voorwaarde_max";"331702";"2310";"2310";"Versie 3";"Binnen";"Atlantic";0,76238754517531;41,4513647749938;31,6020042349739;6;8;0;75;1
"Voorwaarde_max";"332726";"4030";"4030";"Versie 2.0";"Binnen";"Atlantic";1;114,382132088648;114,382132088648;3;5;1;60;0
"Voorwaarde_max";"332726";"4030";"4030";"Versie 3";"Binnen";"Atlantic";1;114,382132088648;114,382132088648;4;7;1;57,1428571428571;0
"Voorwaarde_max";"33502";"4030";"4030";"Versie 2.0";"Binnen";"Atlantic";1;114,382132088648;114,382132088648;2;5;1;40;0
"Voorwaarde_max";"33502";"4030";"4030";"Versie 3";"Binnen";"Atlantic";1;114,382132088648;114,382132088648;3;7;1;42,8571428571429;0
"Voorwaarde_max";"33718";"2330";"2330_bu";"Versie 2.0";"Binnen";"Atlantic";1;16,7230246124945;16,7230246124945;5;7;1;71,4285714285714;0
"Voorwaarde_max";"33718";"2330";"2330_bu";"Versie 3";"Binnen";"Atlantic";1;16,7230246124945;16,7230246124945;3;6;1;50;0
"Voorwaarde_max";"34514";"2310";"2310";"Versie 2.0";"Binnen";"Atlantic";1;41,4513647749938;41,4513647749938;4;8;2;50;0
"Voorwaarde_max";"34514";"2310";"2310";"Versie 3";"Binnen";"Atlantic";1;41,4513647749938;41,4513647749938;3;8;2;37,5;0
"Voorwaarde_max";"35090";"4010";"4010";"Versie 2.0";"Binnen";"Atlantic";1;59,3729147585655;59,3729147585655;1;6;1;16,6666666666667;0
"Voorwaarde_max";"35090";"4010";"4010";"Versie 3";"Binnen";"Atlantic";1;59,3729147585655;59,3729147585655;0;4;1;0;0
"Voorwaarde_max";"35794";"2310";"2310";"Versie 2.0";"Binnen";"Atlantic";0,787287434265829;41,4513647749938;32,6341386205219;2;8;2;25;0
"Voorwaarde_max";"35794";"2310";"2310";"Versie 3";"Binnen";"Atlantic";0,787287434265829;41,4513647749938;32,6341386205219;4;8;2;50;0
"Voorwaarde_max";"361398";"2330";"2330_bu";"Versie 2.0";"Binnen";"Atlantic";1;16,7230246124945;16,7230246124945;5;7;1;71,4285714285714;0
"Voorwaarde_max";"361398";"2330";"2330_bu";"Versie 3";"Binnen";"Atlantic";1;16,7230246124945;16,7230246124945;3;6;1;50;0
"Voorwaarde_max";"37330";"4030";"4030";"Versie 2.0";"Binnen";"Atlantic";1;114,382132088648;114,382132088648;3;5;0;60;1
"Voorwaarde_max";"37330";"4030";"4030";"Versie 3";"Binnen";"Atlantic";1;114,382132088648;114,382132088648;4;7;0;57,1428571428571;1
"Voorwaarde_max";"38098";"2310";"2310";"Versie 2.0";"Binnen";"Atlantic";0,840973736859655;41,4513647749938;34,8595091327592;7;8;1;87,5;0
"Voorwaarde_max";"38098";"2310";"2310";"Versie 3";"Binnen";"Atlantic";0,840973736859655;41,4513647749938;34,8595091327592;5;8;2;62,5;0
"Voorwaarde_max";"386422";"2330";"2330_bu";"Versie 2.0";"Binnen";"Atlantic";1;16,7230246124945;16,7230246124945;5;7;1;71,4285714285714;0
"Voorwaarde_max";"386422";"2330";"2330_bu";"Versie 3";"Binnen";"Atlantic";1;16,7230246124945;16,7230246124945;3;6;1;50;0
"Voorwaarde_max";"398546";"2310";"2310";"Versie 2.0";"Binnen";"Atlantic";1;41,4513647749938;41,4513647749938;6;8;1;75;0
"Voorwaarde_max";"398546";"2310";"2310";"Versie 3";"Binnen";"Atlantic";1;41,4513647749938;41,4513647749938;6;8;1;75;0
"Voorwaarde_max";"40054";"4010";"4010";"Versie 2.0";"Binnen";"Atlantic";1;59,3729147585655;59,3729147585655;2;6;1;33,3333333333333;0
"Voorwaarde_max";"40054";"4010";"4010";"Versie 3";"Binnen";"Atlantic";1;59,3729147585655;59,3729147585655;1;4;1;25;0
"Voorwaarde_max";"40146";"4030";"4030";"Versie 2.0";"Binnen";"Atlantic";0,731121458361115;114,382132088648;83,6272312231063;1;5;1;20;0
"Voorwaarde_max";"40146";"4030";"4030";"Versie 3";"Binnen";"Atlantic";0,731121458361115;114,382132088648;83,6272312231063;4;7;1;57,1428571428571;0
"Voorwaarde_max";"42934";"4030";"4030";"Versie 2.0";"Binnen";"Atlantic";1;114,382132088648;114,382132088648;2;5;1;40;0
"Voorwaarde_max";"42934";"4030";"4030";"Versie 3";"Binnen";"Atlantic";1;114,382132088648;114,382132088648;1;7;2;14,2857142857143;0
"Voorwaarde_max";"431314";"2330";"2330_bu";"Versie 2.0";"Binnen";"Atlantic";1;16,7230246124945;16,7230246124945;6;7;1;85,7142857142857;0
"Voorwaarde_max";"431314";"2330";"2330_bu";"Versie 3";"Binnen";"Atlantic";1;16,7230246124945;16,7230246124945;4;6;1;66,6666666666667;0
"Voorwaarde_max";"43230";"4010";"4010";"Versie 2.0";"Binnen";"Atlantic";1;59,3729147585655;59,3729147585655;3;6;1;50;0
"Voorwaarde_max";"43230";"4010";"4010";"Versie 3";"Binnen";"Atlantic";1;59,3729147585655;59,3729147585655;2;4;1;50;0
"Voorwaarde_max";"433362";"2310";"2310";"Versie 2.0";"Binnen";"Atlantic";1;41,4513647749938;41,4513647749938;5;8;2;62,5;0
"Voorwaarde_max";"433362";"2310";"2310";"Versie 3";"Binnen";"Atlantic";1;41,4513647749938;41,4513647749938;6;8;1;75;0
"Voorwaarde_max";"43566";"4030";"4030";"Versie 2.0";"Binnen";"Atlantic";1;114,382132088648;114,382132088648;3;5;0;60;1
"Voorwaarde_max";"43566";"4030";"4030";"Versie 3";"Binnen";"Atlantic";1;114,382132088648;114,382132088648;4;7;0;57,1428571428571;1
"Voorwaarde_max";"43858";"2330";"2330_bu";"Versie 2.0";"Binnen";"Atlantic";1;16,7230246124945;16,7230246124945;5;7;1;71,4285714285714;0
"Voorwaarde_max";"43858";"2330";"2330_bu";"Versie 3";"Binnen";"Atlantic";1;16,7230246124945;16,7230246124945;2;6;2;33,3333333333333;0
"Voorwaarde_max";"445266";"2330";"2330_bu";"Versie 2.0";"Binnen";"Atlantic";0,599105380380149;16,7230246124945;10,0188540215751;4;7;1;57,1428571428571;0
"Voorwaarde_max";"445266";"2330";"2330_bu";"Versie 3";"Binnen";"Atlantic";0,599105380380149;16,7230246124945;10,0188540215751;4;6;1;66,6666666666667;0
"Voorwaarde_max";"44626";"4030";"4030";"Versie 2.0";"Binnen";"Atlantic";1;114,382132088648;114,382132088648;3;5;1;60;0
"Voorwaarde_max";"44626";"4030";"4030";"Versie 3";"Binnen";"Atlantic";1;114,382132088648;114,382132088648;6;7;1;85,7142857142857;0
"Voorwaarde_max";"45790";"2310";"2310";"Versie 2.0";"Binnen";"Atlantic";1;41,4513647749938;41,4513647749938;6;8;0;75;1
"Voorwaarde_max";"45790";"2310";"2310";"Versie 3";"Binnen";"Atlantic";1;41,4513647749938;41,4513647749938;4;8;1;50;0
"Voorwaarde_max";"458462";"2310";"2310";"Versie 2.0";"Binnen";"Atlantic";1;41,4513647749938;41,4513647749938;4;8;2;50;0
"Voorwaarde_max";"458462";"2310";"2310";"Versie 3";"Binnen";"Atlantic";1;41,4513647749938;41,4513647749938;4;8;2;50;0
"Voorwaarde_max";"459222";"2310";"2310";"Versie 2.0";"Binnen";"Atlantic";1;41,4513647749938;41,4513647749938;1;8;2;12,5;0
"Voorwaarde_max";"459222";"2310";"2310";"Versie 3";"Binnen";"Atlantic";1;41,4513647749938;41,4513647749938;4;8;1;50;0
"Voorwaarde_max";"46006";"4030";"4030";"Versie 2.0";"Binnen";"Atlantic";1;114,382132088648;114,382132088648;3;5;0;60;1
"Voorwaarde_max";"46006";"4030";"4030";"Versie 3";"Binnen";"Atlantic";1;114,382132088648;114,382132088648;5;7;0;71,4285714285714;1
"Voorwaarde_max";"463798";"2310";"2310";"Versie 2.0";"Binnen";"Atlantic";1;41,4513647749938;41,4513647749938;6;8;0;75;1
"Voorwaarde_max";"463798";"2310";"2310";"Versie 3";"Binnen";"Atlantic";1;41,4513647749938;41,4513647749938;5;8;0;62,5;1
"Voorwaarde_max";"476086";"2310";"2310";"Versie 2.0";"Binnen";"Atlantic";0,675019340921222;41,4513647749938;27,9804729307015;3;8;2;37,5;0
"Voorwaarde_max";"476086";"2310";"2310";"Versie 3";"Binnen";"Atlantic";0,675019340921222;41,4513647749938;27,9804729307015;4;8;1;50;0
"Voorwaarde_max";"488054";"2310";"2310";"Versie 2.0";"Binnen";"Atlantic";1;41,4513647749938;41,4513647749938;7;8;0;87,5;1
"Voorwaarde_max";"488054";"2310";"2310";"Versie 3";"Binnen";"Atlantic";1;41,4513647749938;41,4513647749938;6;8;0;75;1
"Voorwaarde_max";"488374";"4030";"4030";"Versie 2.0";"Binnen";"Atlantic";1;114,382132088648;114,382132088648;2;5;1;40;0
"Voorwaarde_max";"488374";"4030";"4030";"Versie 3";"Binnen";"Atlantic";1;114,382132088648;114,382132088648;3;7;1;42,8571428571429;0
"Voorwaarde_max";"492470";"4030";"4030";"Versie 2.0";"Binnen";"Atlantic";0,287068360317604;114,382132088648;32,8354911083198;3;5;1;60;0
"Voorwaarde_max";"492470";"4030";"4030";"Versie 3";"Binnen";"Atlantic";0,287068360317604;114,382132088648;32,8354911083198;4;7;1;57,1428571428571;0
"Voorwaarde_max";"498514";"2310";"2310";"Versie 2.0";"Binnen";"Atlantic";1;41,4513647749938;41,4513647749938;7;8;1;87,5;0
"Voorwaarde_max";"498514";"2310";"2310";"Versie 3";"Binnen";"Atlantic";1;41,4513647749938;41,4513647749938;7;8;0;87,5;1
"Voorwaarde_max";"50102";"4030";"4030";"Versie 2.0";"Binnen";"Atlantic";1;114,382132088648;114,382132088648;2;5;1;40;0
"Voorwaarde_max";"50102";"4030";"4030";"Versie 3";"Binnen";"Atlantic";1;114,382132088648;114,382132088648;3;7;1;42,8571428571429;0
"Voorwaarde_max";"502610";"2310";"2310";"Versie 2.0";"Binnen";"Atlantic";1;41,4513647749938;41,4513647749938;6;8;1;75;0
"Voorwaarde_max";"502610";"2310";"2310";"Versie 3";"Binnen";"Atlantic";1;41,4513647749938;41,4513647749938;6;8;1;75;0
"Voorwaarde_max";"503414";"2330";"2330_bu";"Versie 2.0";"Binnen";"Atlantic";0,999970507446378;16,7230246124945;16,7225314077944;6;7;1;85,7142857142857;0
"Voorwaarde_max";"503414";"2330";"2330_bu";"Versie 3";"Binnen";"Atlantic";0,999970507446378;16,7230246124945;16,7225314077944;4;6;1;66,6666666666667;0
"Voorwaarde_max";"504542";"2310";"2310";"Versie 2.0";"Binnen";"Atlantic";0,999970507446378;41,4513647749938;41,4501422683955;6;8;2;75;0
"Voorwaarde_max";"504542";"2310";"2310";"Versie 3";"Binnen";"Atlantic";0,999970507446378;41,4513647749938;41,4501422683955;6;8;1;75;0
"Voorwaarde_max";"5330";"2310";"2310";"Versie 2.0";"Binnen";"Atlantic";1;41,4513647749938;41,4513647749938;6;8;1;75;0
"Voorwaarde_max";"5330";"2310";"2310";"Versie 3";"Binnen";"Atlantic";1;41,4513647749938;41,4513647749938;7;8;1;87,5;0
"Voorwaarde_max";"5422";"4030";"4030";"Versie 2.0";"Binnen";"Atlantic";1;114,382132088648;114,382132088648;4;5;0;80;1
"Voorwaarde_max";"5422";"4030";"4030";"Versie 3";"Binnen";"Atlantic";1;114,382132088648;114,382132088648;4;7;0;57,1428571428571;1
"Voorwaarde_max";"54482";"4030";"4030";"Versie 2.0";"Binnen";"Atlantic";1;114,382132088648;114,382132088648;2;5;1;40;0
"Voorwaarde_max";"54482";"4030";"4030";"Versie 3";"Binnen";"Atlantic";1;114,382132088648;114,382132088648;5;7;1;71,4285714285714;0
"Voorwaarde_max";"546002";"2310";"2310";"Versie 2.0";"Binnen";"Atlantic";1;41,4513647749938;41,4513647749938;6;8;1;75;0
"Voorwaarde_max";"546002";"2310";"2310";"Versie 3";"Binnen";"Atlantic";1;41,4513647749938;41,4513647749938;5;8;1;62,5;0
"Voorwaarde_max";"54994";"4030";"4030";"Versie 2.0";"Binnen";"Atlantic";1;114,382132088648;114,382132088648;3;5;0;60;1
"Voorwaarde_max";"54994";"4030";"4030";"Versie 3";"Binnen";"Atlantic";1;114,382132088648;114,382132088648;5;7;0;71,4285714285714;1
"Voorwaarde_max";"55058";"2330";"2330_bu";"Versie 2.0";"Buiten";"Atlantic";1;91,9972513460925;91,9972513460925;3;7;2;42,8571428571429;0
"Voorwaarde_max";"55058";"2330";"2330_bu";"Versie 3";"Buiten";"Atlantic";1;91,9972513460925;91,9972513460925;2;6;2;33,3333333333333;0
"Voorwaarde_max";"551218";"2310";"2310";"Versie 2.0";"Binnen";"Atlantic";1;41,4513647749938;41,4513647749938;7;8;0;87,5;1
"Voorwaarde_max";"551218";"2310";"2310";"Versie 3";"Binnen";"Atlantic";1;41,4513647749938;41,4513647749938;6;8;0;75;1
"Voorwaarde_max";"579958";"2310";"2310";"Versie 2.0";"Binnen";"Atlantic";0,251504107602007;41,4513647749938;10,4251885066201;6;8;1;75;0
"Voorwaarde_max";"579958";"2310";"2310";"Versie 3";"Binnen";"Atlantic";0,251504107602007;41,4513647749938;10,4251885066201;7;8;0;87,5;1
"Voorwaarde_max";"583030";"2330";"2330_bu";"Versie 2.0";"Binnen";"Atlantic";0,999970507446378;16,7230246124945;16,7225314077944;5;7;1;71,4285714285714;0
"Voorwaarde_max";"583030";"2330";"2330_bu";"Versie 3";"Binnen";"Atlantic";0,999970507446378;16,7230246124945;16,7225314077944;4;6;1;66,6666666666667;0
"Voorwaarde_max";"59858";"2310";"2310";"Versie 2.0";"Binnen";"Atlantic";1;41,4513647749938;41,4513647749938;3;8;2;37,5;0
"Voorwaarde_max";"59858";"2310";"2310";"Versie 3";"Binnen";"Atlantic";1;41,4513647749938;41,4513647749938;5;8;2;62,5;0
"Voorwaarde_max";"602846";"2330";"2330_bu";"Versie 2.0";"Binnen";"Atlantic";0,999970507446378;16,7230246124945;16,7225314077944;5;7;1;71,4285714285714;0
"Voorwaarde_max";"602846";"2330";"2330_bu";"Versie 3";"Binnen";"Atlantic";0,999970507446378;16,7230246124945;16,7225314077944;4;6;1;66,6666666666667;0
"Voorwaarde_max";"60894";"4030";"4030";"Versie 2.0";"Binnen";"Atlantic";1;114,382132088648;114,382132088648;4;5;0;80;1
"Voorwaarde_max";"60894";"4030";"4030";"Versie 3";"Binnen";"Atlantic";1;114,382132088648;114,382132088648;6;7;0;85,7142857142857;1
"Voorwaarde_max";"62141";"4010";"4010";"Versie 2.0";"Binnen";"Atlantic";0,80394270432902;59,3729147585655;47,7324216548975;1;6;1;16,6666666666667;0
"Voorwaarde_max";"62141";"4010";"4010";"Versie 3";"Binnen";"Atlantic";0,80394270432902;59,3729147585655;47,7324216548975;1;4;1;25;0
"Voorwaarde_max";"62174";"2310";"2310";"Versie 2.0";"Binnen";"Atlantic";1;41,4513647749938;41,4513647749938;2;8;3;25;0
"Voorwaarde_max";"62174";"2310";"2310";"Versie 3";"Binnen";"Atlantic";1;41,4513647749938;41,4513647749938;2;8;3;25;0
"Voorwaarde_max";"648566";"2330";"2330_bu";"Versie 2.0";"Binnen";"Atlantic";0,999970507446378;16,7230246124945;16,7225314077944;5;7;1;71,4285714285714;0
"Voorwaarde_max";"648566";"2330";"2330_bu";"Versie 3";"Binnen";"Atlantic";0,999970507446378;16,7230246124945;16,7225314077944;4;6;1;66,6666666666667;0
"Voorwaarde_max";"65234";"4010";"4010";"Versie 2.0";"Binnen";"Atlantic";1;59,3729147585655;59,3729147585655;1;6;1;16,6666666666667;0
"Voorwaarde_max";"65234";"4010";"4010";"Versie 3";"Binnen";"Atlantic";1;59,3729147585655;59,3729147585655;1;4;1;25;0
"Voorwaarde_max";"65522";"4010";"4010";"Versie 2.0";"Binnen";"Atlantic";1;59,3729147585655;59,3729147585655;2;6;1;33,3333333333333;0
"Voorwaarde_max";"65522";"4010";"4010";"Versie 3";"Binnen";"Atlantic";1;59,3729147585655;59,3729147585655;2;4;1;50;0
"Voorwaarde_max";"656246";"2330";"2330_bu";"Versie 2.0";"Binnen";"Atlantic";0,999970507446378;16,7230246124945;16,7225314077944;3;7;1;42,8571428571429;0
"Voorwaarde_max";"656246";"2330";"2330_bu";"Versie 3";"Binnen";"Atlantic";0,999970507446378;16,7230246124945;16,7225314077944;3;6;1;50;0
"Voorwaarde_max";"659382";"2330";"2330_bu";"Versie 2.0";"Binnen";"Atlantic";1;16,7230246124945;16,7230246124945;5;7;0;71,4285714285714;1
"Voorwaarde_max";"659382";"2330";"2330_bu";"Versie 3";"Binnen";"Atlantic";1;16,7230246124945;16,7230246124945;5;6;0;83,3333333333333;1
"Voorwaarde_max";"66006";"2310";"2310";"Versie 2.0";"Binnen";"Atlantic";1;41,4513647749938;41,4513647749938;5;8;2;62,5;0
"Voorwaarde_max";"66006";"2310";"2310";"Versie 3";"Binnen";"Atlantic";1;41,4513647749938;41,4513647749938;6;8;2;75;0
"Voorwaarde_max";"66270";"4010";"4010";"Versie 2.0";"Binnen";"Atlantic";1;59,3729147585655;59,3729147585655;3;6;1;50;0
"Voorwaarde_max";"66270";"4010";"4010";"Versie 3";"Binnen";"Atlantic";1;59,3729147585655;59,3729147585655;1;4;1;25;0
"Voorwaarde_max";"714198";"2330";"2330_bu";"Versie 2.0";"Binnen";"Atlantic";0,999970507446378;16,7230246124945;16,7225314077944;2;7;2;28,5714285714286;0
"Voorwaarde_max";"714198";"2330";"2330_bu";"Versie 3";"Binnen";"Atlantic";0,999970507446378;16,7230246124945;16,7225314077944;2;6;2;33,3333333333333;0
"Voorwaarde_max";"714230";"2330";"2330_bu";"Versie 2.0";"Binnen";"Atlantic";0,999970507446378;16,7230246124945;16,7225314077944;3;7;2;42,8571428571429;0
"Voorwaarde_max";"714230";"2330";"2330_bu";"Versie 3";"Binnen";"Atlantic";0,999970507446378;16,7230246124945;16,7225314077944;2;6;2;33,3333333333333;0
"Voorwaarde_max";"71902";"4010";"4010";"Versie 2.0";"Binnen";"Atlantic";1;59,3729147585655;59,3729147585655;2;6;1;33,3333333333333;0
"Voorwaarde_max";"71902";"4010";"4010";"Versie 3";"Binnen";"Atlantic";1;59,3729147585655;59,3729147585655;2;4;1;50;0
"Voorwaarde_max";"72690";"4030";"4030";"Versie 2.0";"Binnen";"Atlantic";1;114,382132088648;114,382132088648;2;5;1;40;0
"Voorwaarde_max";"72690";"4030";"4030";"Versie 3";"Binnen";"Atlantic";1;114,382132088648;114,382132088648;3;7;1;42,8571428571429;0
"Voorwaarde_max";"734";"4010";"4010";"Versie 2.0";"Binnen";"Atlantic";1;59,3729147585655;59,3729147585655;4;6;0;66,6666666666667;1
"Voorwaarde_max";"734";"4010";"4010";"Versie 3";"Binnen";"Atlantic";1;59,3729147585655;59,3729147585655;3;4;0;75;1
"Voorwaarde_max";"742610";"2330";"2330_bu";"Versie 2.0";"Binnen";"Atlantic";1;16,7230246124945;16,7230246124945;6;7;1;85,7142857142857;0
"Voorwaarde_max";"742610";"2330";"2330_bu";"Versie 3";"Binnen";"Atlantic";1;16,7230246124945;16,7230246124945;4;6;1;66,6666666666667;0
"Voorwaarde_max";"75474";"4030";"4030";"Versie 2.0";"Binnen";"Atlantic";1;114,382132088648;114,382132088648;4;5;0;80;1
"Voorwaarde_max";"75474";"4030";"4030";"Versie 3";"Binnen";"Atlantic";1;114,382132088648;114,382132088648;5;7;0;71,4285714285714;1
"Voorwaarde_max";"76242";"4010";"4010";"Versie 2.0";"Binnen";"Atlantic";0,801668360543478;59,3729147585655;47,5973872351869;1;6;1;16,6666666666667;0
"Voorwaarde_max";"76242";"4010";"4010";"Versie 3";"Binnen";"Atlantic";0,801668360543478;59,3729147585655;47,5973872351869;1;4;1;25;0
"Voorwaarde_max";"76754";"2310";"2310";"Versie 2.0";"Binnen";"Atlantic";1;41,4513647749938;41,4513647749938;3;8;2;37,5;0
"Voorwaarde_max";"76754";"2310";"2310";"Versie 3";"Binnen";"Atlantic";1;41,4513647749938;41,4513647749938;5;8;2;62,5;0
"Voorwaarde_max";"77278";"4010";"4010";"Versie 2.0";"Binnen";"Atlantic";1;59,3729147585655;59,3729147585655;4;6;0;66,6666666666667;1
"Voorwaarde_max";"77278";"4010";"4010";"Versie 3";"Binnen";"Atlantic";1;59,3729147585655;59,3729147585655;3;4;0;75;1
"Voorwaarde_max";"77394";"4030";"4030";"Versie 2.0";"Binnen";"Atlantic";1;114,382132088648;114,382132088648;4;5;0;80;1
"Voorwaarde_max";"77394";"4030";"4030";"Versie 3";"Binnen";"Atlantic";1;114,382132088648;114,382132088648;6;7;0;85,7142857142857;1
"Voorwaarde_max";"808146";"2330";"2330_bu";"Versie 2.0";"Binnen";"Atlantic";1;16,7230246124945;16,7230246124945;6;7;0;85,7142857142857;1
"Voorwaarde_max";"808146";"2330";"2330_bu";"Versie 3";"Binnen";"Atlantic";1;16,7230246124945;16,7230246124945;5;6;0;83,3333333333333;1
"Voorwaarde_max";"81374";"4010";"4010";"Versie 2.0";"Binnen";"Atlantic";1;59,3729147585655;59,3729147585655;1;6;1;16,6666666666667;0
"Voorwaarde_max";"81374";"4010";"4010";"Versie 3";"Binnen";"Atlantic";1;59,3729147585655;59,3729147585655;1;4;1;25;0
"Voorwaarde_max";"821462";"2330";"2330_bu";"Versie 2.0";"Binnen";"Atlantic";0,999970507446378;16,7230246124945;16,7225314077944;5;7;0;71,4285714285714;1
"Voorwaarde_max";"821462";"2330";"2330_bu";"Versie 3";"Binnen";"Atlantic";0,999970507446378;16,7230246124945;16,7225314077944;4;6;0;66,6666666666667;1
"Voorwaarde_max";"82222";"4030";"4030";"Versie 2.0";"Binnen";"Atlantic";0,919626734322581;114,382132088648;105,188866597538;2;5;1;40;0
"Voorwaarde_max";"82222";"4030";"4030";"Versie 3";"Binnen";"Atlantic";0,919626734322581;114,382132088648;105,188866597538;3;7;1;42,8571428571429;0
"Voorwaarde_max";"82654";"4010";"4010";"Versie 2.0";"Binnen";"Atlantic";1;59,3729147585655;59,3729147585655;3;6;1;50;0
"Voorwaarde_max";"82654";"4010";"4010";"Versie 3";"Binnen";"Atlantic";1;59,3729147585655;59,3729147585655;2;4;1;50;0
"Voorwaarde_max";"84946";"2310";"2310";"Versie 2.0";"Binnen";"Atlantic";1;41,4513647749938;41,4513647749938;3;8;2;37,5;0
"Voorwaarde_max";"84946";"2310";"2310";"Versie 3";"Binnen";"Atlantic";1;41,4513647749938;41,4513647749938;5;8;2;62,5;0
"Voorwaarde_max";"87250";"4010";"4010";"Versie 2.0";"Binnen";"Atlantic";1;59,3729147585655;59,3729147585655;3;6;0;50;0
"Voorwaarde_max";"87250";"4010";"4010";"Versie 3";"Binnen";"Atlantic";1;59,3729147585655;59,3729147585655;3;4;0;75;1
"Voorwaarde_max";"877942";"2330";"2330_bu";"Versie 2.0";"Binnen";"Atlantic";0,999970507446378;16,7230246124945;16,7225314077944;6;7;1;85,7142857142857;0
"Voorwaarde_max";"877942";"2330";"2330_bu";"Versie 3";"Binnen";"Atlantic";0,999970507446378;16,7230246124945;16,7225314077944;4;6;1;66,6666666666667;0
"Voorwaarde_max";"8786";"4030";"4030";"Versie 2.0";"Buiten";"Atlantic";1;375,394417555413;375,394417555413;1;5;0;20;0
"Voorwaarde_max";"8786";"4030";"4030";"Versie 3";"Buiten";"Atlantic";1;375,394417555413;375,394417555413;3;7;0;42,8571428571429;0
"Voorwaarde_max";"884342";"2330";"2330_bu";"Versie 2.0";"Binnen";"Atlantic";0,999970507446378;16,7230246124945;16,7225314077944;5;7;1;71,4285714285714;0
"Voorwaarde_max";"884342";"2330";"2330_bu";"Versie 3";"Binnen";"Atlantic";0,999970507446378;16,7230246124945;16,7225314077944;3;6;1;50;0
"Voorwaarde_max";"8893";"2310";"2310";"Versie 2.0";"Binnen";"Atlantic";1;41,4513647749938;41,4513647749938;4;8;2;50;0
"Voorwaarde_max";"8893";"2310";"2310";"Versie 3";"Binnen";"Atlantic";1;41,4513647749938;41,4513647749938;3;8;3;37,5;0
"Voorwaarde_max";"90846";"2310";"2310";"Versie 2.0";"Binnen";"Atlantic";1;41,4513647749938;41,4513647749938;2;8;3;25;0
"Voorwaarde_max";"90846";"2310";"2310";"Versie 3";"Binnen";"Atlantic";1;41,4513647749938;41,4513647749938;4;8;2;50;0
"Voorwaarde_max";"91122";"4030";"4030";"Versie 2.0";"Binnen";"Atlantic";0,574609273274882;114,382132088648;65,7250337950897;2;5;1;40;0
"Voorwaarde_max";"91122";"4030";"4030";"Versie 3";"Binnen";"Atlantic";0,574609273274882;114,382132088648;65,7250337950897;3;7;1;42,8571428571429;0
"Voorwaarde_max";"91410";"4030";"4030";"Versie 2.0";"Binnen";"Atlantic";0,999970507446378;114,382132088648;114,378758667484;2;5;1;40;0
"Voorwaarde_max";"91410";"4030";"4030";"Versie 3";"Binnen";"Atlantic";0,999970507446378;114,382132088648;114,378758667484;3;7;1;42,8571428571429;0
"Voorwaarde_max";"91510";"2330";"2330_bu";"Versie 2.0";"Binnen";"Atlantic";1;16,7230246124945;16,7230246124945;4;7;3;57,1428571428571;0
"Voorwaarde_max";"91510";"2330";"2330_bu";"Versie 3";"Binnen";"Atlantic";1;16,7230246124945;16,7230246124945;2;6;3;33,3333333333333;0
"Voorwaarde_max";"92382";"4030";"4030";"Versie 2.0";"Binnen";"Atlantic";0,907927863567406;114,382132088648;103,850724817531;2;5;1;40;0
"Voorwaarde_max";"92382";"4030";"4030";"Versie 3";"Binnen";"Atlantic";0,907927863567406;114,382132088648;103,850724817531;2;7;1;28,5714285714286;0
"Voorwaarde_max";"93138";"2310";"2310";"Versie 2.0";"Binnen";"Atlantic";1;41,4513647749938;41,4513647749938;4;8;1;50;0
"Voorwaarde_max";"93138";"2310";"2310";"Versie 3";"Binnen";"Atlantic";1;41,4513647749938;41,4513647749938;4;8;2;50;0
"Voorwaarde_max";"937682";"2330";"2330_bu";"Versie 2.0";"Binnen";"Atlantic";1;16,7230246124945;16,7230246124945;6;7;0;85,7142857142857;1
"Voorwaarde_max";"937682";"2330";"2330_bu";"Versie 3";"Binnen";"Atlantic";1;16,7230246124945;16,7230246124945;5;6;0;83,3333333333333;1
"Voorwaarde_max";"94942";"4010";"4010";"Versie 2.0";"Binnen";"Atlantic";1;59,3729147585655;59,3729147585655;2;6;1;33,3333333333333;0
"Voorwaarde_max";"94942";"4010";"4010";"Versie 3";"Binnen";"Atlantic";1;59,3729147585655;59,3729147585655;1;4;1;25;0
"Voorwaarde_max";"95158";"2310";"2310";"Versie 2.0";"Binnen";"Atlantic";0,717355538221587;41,4513647749938;29,735366088185;5;8;2;62,5;0
"Voorwaarde_max";"95158";"2310";"2310";"Versie 3";"Binnen";"Atlantic";0,717355538221587;41,4513647749938;29,735366088185;6;8;1;75;0
"Voorwaarde_max";"95710";"4010";"4010";"Versie 2.0";"Binnen";"Atlantic";0,984870436611055;59,3729147585655;58,4746284811393;6;12;2;50;0
"Voorwaarde_max";"95710";"4010";"4010";"Versie 3";"Binnen";"Atlantic";0,984870436611055;59,3729147585655;58,4746284811393;4;8;2;50;0
"Voorwaarde_max";"963294";"2330";"2330_bu";"Versie 2.0";"Binnen";"Atlantic";0,999970507446378;16,7230246124945;16,7225314077944;4;7;2;57,1428571428571;0
"Voorwaarde_max";"963294";"2330";"2330_bu";"Versie 3";"Binnen";"Atlantic";0,999970507446378;16,7230246124945;16,7225314077944;3;6;2;50;0
"Voorwaarde_max";"96978";"2310";"2310";"Versie 2.0";"Binnen";"Atlantic";1;41,4513647749938;41,4513647749938;8;8;0;100;1
"Voorwaarde_max";"96978";"2310";"2310";"Versie 3";"Binnen";"Atlantic";1;41,4513647749938;41,4513647749938;7;8;0;87,5;1
"Voorwaarde_max";"976246";"2310";"2310";"Versie 2.0";"Binnen";"Atlantic";0,999970507446378;41,4513647749938;41,4501422683955;5;8;0;62,5;1
"Voorwaarde_max";"976246";"2310";"2310";"Versie 3";"Binnen";"Atlantic";0,999970507446378;41,4513647749938;41,4501422683955;6;8;0;75;1
"Voorwaarde_max";"98002";"2310";"2310";"Versie 2.0";"Binnen";"Atlantic";1;41,4513647749938;41,4513647749938;3;8;2;37,5;0
"Voorwaarde_max";"98002";"2310";"2310";"Versie 3";"Binnen";"Atlantic";1;41,4513647749938;41,4513647749938;5;8;2;62,5;0
"Voorwaarde_max";"9938";"4030";"4030";"Versie 2.0";"Binnen";"Atlantic";1;114,382132088648;114,382132088648;4;5;0;80;1
"Voorwaarde_max";"9938";"4030";"4030";"Versie 3";"Binnen";"Atlantic";1;114,382132088648;114,382132088648;6;7;0;85,7142857142857;1
"Voorwaarde_min";"100050";"4010";"4010";"Versie 2.0";"Binnen";"Atlantic";0,759792926627744;59,3729147585655;45,1111206668301;5;6;0;83,3333333333333;1
"Voorwaarde_min";"100050";"4010";"4010";"Versie 3";"Binnen";"Atlantic";0,759792926627744;59,3729147585655;45,1111206668301;3;4;0;75;1
"Voorwaarde_min";"1003230";"2330";"2330_bu";"Versie 2.0";"Binnen";"Atlantic";0,999970507446378;16,7230246124945;16,7225314077944;4;7;1;57,1428571428571;0
"Voorwaarde_min";"1003230";"2330";"2330_bu";"Versie 3";"Binnen";"Atlantic";0,999970507446378;16,7230246124945;16,7225314077944;3;6;1;50;0
"Voorwaarde_min";"102098";"2310";"2310";"Versie 2.0";"Binnen";"Atlantic";1;41,4513647749938;41,4513647749938;7;8;0;87,5;1
"Voorwaarde_min";"102098";"2310";"2310";"Versie 3";"Binnen";"Atlantic";1;41,4513647749938;41,4513647749938;5;8;1;62,5;0
"Voorwaarde_min";"1043410";"2330";"2330_bu";"Versie 2.0";"Binnen";"Atlantic";1;16,7230246124945;16,7230246124945;4;7;2;57,1428571428571;0
"Voorwaarde_min";"1043410";"2330";"2330_bu";"Versie 3";"Binnen";"Atlantic";1;16,7230246124945;16,7230246124945;3;6;2;50;0
"Voorwaarde_min";"105682";"2310";"2310";"Versie 2.0";"Binnen";"Atlantic";1;41,4513647749938;41,4513647749938;5;8;1;62,5;0
"Voorwaarde_min";"105682";"2310";"2310";"Versie 3";"Binnen";"Atlantic";1;41,4513647749938;41,4513647749938;3;8;2;37,5;0
"Voorwaarde_min";"106614";"4010";"4010";"Versie 2.0";"Binnen";"Atlantic";1;59,3729147585655;59,3729147585655;5;6;0;83,3333333333333;1
"Voorwaarde_min";"106614";"4010";"4010";"Versie 3";"Binnen";"Atlantic";1;59,3729147585655;59,3729147585655;3;4;0;75;1
"Voorwaarde_min";"10706";"2310";"2310";"Versie 2.0";"Binnen";"Atlantic";1;41,4513647749938;41,4513647749938;6;8;0;75;1
"Voorwaarde_min";"10706";"2310";"2310";"Versie 3";"Binnen";"Atlantic";1;41,4513647749938;41,4513647749938;4;8;1;50;0
"Voorwaarde_min";"1076854";"2330";"2330_bu";"Versie 2.0";"Binnen";"Atlantic";0,999970507446378;16,7230246124945;16,7225314077944;5;7;1;71,4285714285714;0
"Voorwaarde_min";"1076854";"2330";"2330_bu";"Versie 3";"Binnen";"Atlantic";0,999970507446378;16,7230246124945;16,7225314077944;3;6;1;50;0
"Voorwaarde_min";"1085366";"2330";"2330_bu";"Versie 2.0";"Binnen";"Atlantic";0,683402483695316;16,7230246124945;11,4285565550766;5;7;2;71,4285714285714;0
"Voorwaarde_min";"1085366";"2330";"2330_bu";"Versie 3";"Binnen";"Atlantic";0,683402483695316;16,7230246124945;11,4285565550766;3;6;2;50;0
"Voorwaarde_min";"1092434";"2330";"2330_bu";"Versie 2.0";"Binnen";"Atlantic";1;16,7230246124945;16,7230246124945;3;7;1;42,8571428571429;0
"Voorwaarde_min";"1092434";"2330";"2330_bu";"Versie 3";"Binnen";"Atlantic";1;16,7230246124945;16,7230246124945;3;6;1;50;0
"Voorwaarde_min";"1110750";"2330";"2330_bu";"Versie 2.0";"Binnen";"Atlantic";0,999970507446378;16,7230246124945;16,7225314077944;5;7;1;71,4285714285714;0
"Voorwaarde_min";"1110750";"2330";"2330_bu";"Versie 3";"Binnen";"Atlantic";0,999970507446378;16,7230246124945;16,7225314077944;4;6;1;66,6666666666667;0
"Voorwaarde_min";"111326";"4010";"4010";"Versie 2.0";"Binnen";"Atlantic";1;59,3729147585655;59,3729147585655;3;6;0;50;0
"Voorwaarde_min";"111326";"4010";"4010";"Versie 3";"Binnen";"Atlantic";1;59,3729147585655;59,3729147585655;3;4;0;75;1
"Voorwaarde_min";"11218";"4010";"4010";"Versie 2.0";"Binnen";"Atlantic";0,999970507446378;59,3729147585655;59,3711636996933;2;6;1;33,3333333333333;0
"Voorwaarde_min";"11218";"4010";"4010";"Versie 3";"Binnen";"Atlantic";0,999970507446378;59,3729147585655;59,3711636996933;2;4;1;50;0
"Voorwaarde_min";"115422";"2310";"2310";"Versie 2.0";"Binnen";"Atlantic";1;41,4513647749938;41,4513647749938;4;8;1;50;0
"Voorwaarde_min";"115422";"2310";"2310";"Versie 3";"Binnen";"Atlantic";1;41,4513647749938;41,4513647749938;5;8;1;62,5;0
"Voorwaarde_min";"117202";"2310";"2310";"Versie 2.0";"Binnen";"Atlantic";1;41,4513647749938;41,4513647749938;3;8;2;37,5;0
"Voorwaarde_min";"117202";"2310";"2310";"Versie 3";"Binnen";"Atlantic";1;41,4513647749938;41,4513647749938;4;8;2;50;0
"Voorwaarde_min";"11742";"4010";"4010";"Versie 2.0";"Binnen";"Atlantic";1;59,3729147585655;59,3729147585655;5;6;0;83,3333333333333;1
"Voorwaarde_min";"11742";"4010";"4010";"Versie 3";"Binnen";"Atlantic";1;59,3729147585655;59,3729147585655;3;4;0;75;1
"Voorwaarde_min";"120018";"4010";"4010";"Versie 2.0";"Binnen";"Atlantic";1;59,3729147585655;59,3729147585655;2;6;1;33,3333333333333;0
"Voorwaarde_min";"120018";"4010";"4010";"Versie 3";"Binnen";"Atlantic";1;59,3729147585655;59,3729147585655;0;4;1;0;0
"Voorwaarde_min";"120110";"4010";"4010";"Versie 2.0";"Binnen";"Atlantic";1;59,3729147585655;59,3729147585655;3;6;0;50;0
"Voorwaarde_min";"120110";"4010";"4010";"Versie 3";"Binnen";"Atlantic";1;59,3729147585655;59,3729147585655;2;4;0;50;0
"Voorwaarde_min";"122578";"4010";"4010";"Versie 2.0";"Binnen";"Atlantic";0,7284374379628;59,3729147585655;43,2494539111132;3;6;0;50;0
"Voorwaarde_min";"122578";"4010";"4010";"Versie 3";"Binnen";"Atlantic";0,7284374379628;59,3729147585655;43,2494539111132;3;4;0;75;1
"Voorwaarde_min";"12274";"4030";"4030";"Versie 2.0";"Binnen";"Atlantic";1;114,382132088648;114,382132088648;2;5;0;40;0
"Voorwaarde_min";"12274";"4030";"4030";"Versie 3";"Binnen";"Atlantic";1;114,382132088648;114,382132088648;3;7;1;42,8571428571429;0
"Voorwaarde_min";"124278";"2310";"2310";"Versie 2.0";"Binnen";"Atlantic";1;41,4513647749938;41,4513647749938;6;8;0;75;1
"Voorwaarde_min";"124278";"2310";"2310";"Versie 3";"Binnen";"Atlantic";1;41,4513647749938;41,4513647749938;6;8;0;75;1
"Voorwaarde_min";"124382";"4010";"4010";"Versie 2.0";"Binnen";"Atlantic";1;59,3729147585655;59,3729147585655;2;6;1;33,3333333333333;0
"Voorwaarde_min";"124382";"4010";"4010";"Versie 3";"Binnen";"Atlantic";1;59,3729147585655;59,3729147585655;1;4;1;25;0
"Voorwaarde_min";"125394";"2310";"2310";"Versie 2.0";"Binnen";"Atlantic";1;41,4513647749938;41,4513647749938;5;8;1;62,5;0
"Voorwaarde_min";"125394";"2310";"2310";"Versie 3";"Binnen";"Atlantic";1;41,4513647749938;41,4513647749938;5;8;1;62,5;0
"Voorwaarde_min";"125998";"4030";"4030";"Versie 2.0";"Binnen";"Atlantic";0,867530016283834;114,382132088648;99,2299329134447;3;5;0;60;1
"Voorwaarde_min";"125998";"4030";"4030";"Versie 3";"Binnen";"Atlantic";0,867530016283834;114,382132088648;99,2299329134447;3;7;0;42,8571428571429;0
"Voorwaarde_min";"127710";"2310";"2310";"Versie 2.0";"Binnen";"Atlantic";1;41,4513647749938;41,4513647749938;6;8;1;75;0
"Voorwaarde_min";"127710";"2310";"2310";"Versie 3";"Binnen";"Atlantic";1;41,4513647749938;41,4513647749938;6;8;0;75;1
"Voorwaarde_min";"129234";"4010";"4010";"Versie 2.0";"Binnen";"Atlantic";1;59,3729147585655;59,3729147585655;1;6;1;16,6666666666667;0
"Voorwaarde_min";"129234";"4010";"4010";"Versie 3";"Binnen";"Atlantic";1;59,3729147585655;59,3729147585655;0;4;1;0;0
"Voorwaarde_min";"131806";"4010";"4010";"Versie 2.0";"Binnen";"Atlantic";1;59,3729147585655;59,3729147585655;4;6;0;66,6666666666667;1
"Voorwaarde_min";"131806";"4010";"4010";"Versie 3";"Binnen";"Atlantic";1;59,3729147585655;59,3729147585655;3;4;0;75;1
"Voorwaarde_min";"134098";"2310";"2310";"Versie 2.0";"Binnen";"Atlantic";1;41,4513647749938;41,4513647749938;4;8;1;50;0
"Voorwaarde_min";"134098";"2310";"2310";"Versie 3";"Binnen";"Atlantic";1;41,4513647749938;41,4513647749938;6;8;1;75;0
"Voorwaarde_min";"136402";"4030";"4030";"Versie 2.0";"Binnen";"Atlantic";1;114,382132088648;114,382132088648;3;5;1;60;0
"Voorwaarde_min";"136402";"4030";"4030";"Versie 3";"Binnen";"Atlantic";1;114,382132088648;114,382132088648;6;7;1;85,7142857142857;0
"Voorwaarde_min";"13686";"4030";"4030";"Versie 2.0";"Binnen";"Atlantic";1;114,382132088648;114,382132088648;3;5;0;60;1
"Voorwaarde_min";"13686";"4030";"4030";"Versie 3";"Binnen";"Atlantic";1;114,382132088648;114,382132088648;3;7;1;42,8571428571429;0
"Voorwaarde_min";"144094";"2310";"2310";"Versie 2.0";"Binnen";"Atlantic";1;41,4513647749938;41,4513647749938;4;8;1;50;0
"Voorwaarde_min";"144094";"2310";"2310";"Versie 3";"Binnen";"Atlantic";1;41,4513647749938;41,4513647749938;5;8;1;62,5;0
"Voorwaarde_min";"15070";"4010";"4010";"Versie 2.0";"Binnen";"Atlantic";1;59,3729147585655;59,3729147585655;1;6;1;16,6666666666667;0
"Voorwaarde_min";"15070";"4010";"4010";"Versie 3";"Binnen";"Atlantic";1;59,3729147585655;59,3729147585655;0;4;1;0;0
"Voorwaarde_min";"151250";"2310";"2310";"Versie 2.0";"Binnen";"Atlantic";1;41,4513647749938;41,4513647749938;5;8;1;62,5;0
"Voorwaarde_min";"151250";"2310";"2310";"Versie 3";"Binnen";"Atlantic";1;41,4513647749938;41,4513647749938;3;8;2;37,5;0
"Voorwaarde_min";"152786";"2310";"2310";"Versie 2.0";"Binnen";"Atlantic";0,704694860742418;41,4513647749938;29,2105637276975;6;8;2;75;0
"Voorwaarde_min";"152786";"2310";"2310";"Versie 3";"Binnen";"Atlantic";0,704694860742418;41,4513647749938;29,2105637276975;6;8;1;75;0
"Voorwaarde_min";"170834";"2330";"2330_bu";"Versie 2.0";"Buiten";"Atlantic";1;91,9972513460925;91,9972513460925;5;7;0;71,4285714285714;1
"Voorwaarde_min";"170834";"2330";"2330_bu";"Versie 3";"Buiten";"Atlantic";1;91,9972513460925;91,9972513460925;5;6;0;83,3333333333333;1
"Voorwaarde_min";"177078";"2330";"2330_bu";"Versie 2.0";"Binnen";"Atlantic";1;16,7230246124945;16,7230246124945;4;7;1;57,1428571428571;0
"Voorwaarde_min";"177078";"2330";"2330_bu";"Versie 3";"Binnen";"Atlantic";1;16,7230246124945;16,7230246124945;3;6;2;50;0
"Voorwaarde_min";"20178";"2310";"2310";"Versie 2.0";"Binnen";"Atlantic";1;41,4513647749938;41,4513647749938;4;8;1;50;0
"Voorwaarde_min";"20178";"2310";"2310";"Versie 3";"Binnen";"Atlantic";1;41,4513647749938;41,4513647749938;6;8;1;75;0
"Voorwaarde_min";"20406";"4030";"4030";"Versie 2.0";"Binnen";"Atlantic";1;114,382132088648;114,382132088648;2;5;1;40;0
"Voorwaarde_min";"20406";"4030";"4030";"Versie 3";"Binnen";"Atlantic";1;114,382132088648;114,382132088648;4;7;1;57,1428571428571;0
"Voorwaarde_min";"213942";"2330";"2330_bu";"Versie 2.0";"Binnen";"Atlantic";1;16,7230246124945;16,7230246124945;4;7;2;57,1428571428571;0
"Voorwaarde_min";"213942";"2330";"2330_bu";"Versie 3";"Binnen";"Atlantic";1;16,7230246124945;16,7230246124945;2;6;2;33,3333333333333;0
"Voorwaarde_min";"21430";"4030";"4030";"Versie 2.0";"Binnen";"Atlantic";0,765194370313666;114,382132088648;87,5245635387077;3;5;0;60;1
"Voorwaarde_min";"21430";"4030";"4030";"Versie 3";"Binnen";"Atlantic";0,765194370313666;114,382132088648;87,5245635387077;5;7;0;71,4285714285714;1
"Voorwaarde_min";"21714";"2330";"2330_bu";"Versie 2.0";"Binnen";"Atlantic";1;16,7230246124945;16,7230246124945;5;7;0;71,4285714285714;1
"Voorwaarde_min";"21714";"2330";"2330_bu";"Versie 3";"Binnen";"Atlantic";1;16,7230246124945;16,7230246124945;4;6;1;66,6666666666667;0
"Voorwaarde_min";"218322";"4030";"4030";"Versie 2.0";"Binnen";"Atlantic";1;114,382132088648;114,382132088648;2;5;1;40;0
"Voorwaarde_min";"218322";"4030";"4030";"Versie 3";"Binnen";"Atlantic";1;114,382132088648;114,382132088648;4;7;1;57,1428571428571;0
"Voorwaarde_min";"225910";"2330";"2330_bu";"Versie 2.0";"Binnen";"Atlantic";1;16,7230246124945;16,7230246124945;6;7;1;85,7142857142857;0
"Voorwaarde_min";"225910";"2330";"2330_bu";"Versie 3";"Binnen";"Atlantic";1;16,7230246124945;16,7230246124945;4;6;1;66,6666666666667;0
"Voorwaarde_min";"226230";"2330";"2330_bu";"Versie 2.0";"Binnen";"Atlantic";0,256367175307593;16,7230246124945;4,28723458250458;6;7;0;85,7142857142857;1
"Voorwaarde_min";"226230";"2330";"2330_bu";"Versie 3";"Binnen";"Atlantic";0,256367175307593;16,7230246124945;4,28723458250458;5;6;0;83,3333333333333;1
"Voorwaarde_min";"23538";"4010";"4010";"Versie 2.0";"Binnen";"Atlantic";1;59,3729147585655;59,3729147585655;0;6;1;0;0
"Voorwaarde_min";"23538";"4010";"4010";"Versie 3";"Binnen";"Atlantic";1;59,3729147585655;59,3729147585655;0;4;1;0;0
"Voorwaarde_min";"236370";"2330";"2330_bu";"Versie 2.0";"Binnen";"Atlantic";1;16,7230246124945;16,7230246124945;4;7;1;57,1428571428571;0
"Voorwaarde_min";"236370";"2330";"2330_bu";"Versie 3";"Binnen";"Atlantic";1;16,7230246124945;16,7230246124945;4;6;1;66,6666666666667;0
"Voorwaarde_min";"23762";"2310";"2310";"Versie 2.0";"Binnen";"Atlantic";1;41,4513647749938;41,4513647749938;6;8;1;75;0
"Voorwaarde_min";"23762";"2310";"2310";"Versie 3";"Binnen";"Atlantic";1;41,4513647749938;41,4513647749938;3;8;2;37,5;0
"Voorwaarde_min";"2610";"4030";"4030";"Versie 2.0";"Buiten";"Atlantic";1;375,394417555413;375,394417555413;3;5;0;60;1
"Voorwaarde_min";"2610";"4030";"4030";"Versie 3";"Buiten";"Atlantic";1;375,394417555413;375,394417555413;5;7;0;71,4285714285714;1
"Voorwaarde_min";"26322";"4030";"4030";"Versie 2.0";"Binnen";"Atlantic";1;114,382132088648;114,382132088648;4;5;0;80;1
"Voorwaarde_min";"26322";"4030";"4030";"Versie 3";"Binnen";"Atlantic";1;114,382132088648;114,382132088648;5;7;0;71,4285714285714;1
"Voorwaarde_min";"267190";"4030";"4030";"Versie 2.0";"Binnen";"Atlantic";1;114,382132088648;114,382132088648;2;5;1;40;0
"Voorwaarde_min";"267190";"4030";"4030";"Versie 3";"Binnen";"Atlantic";1;114,382132088648;114,382132088648;4;7;1;57,1428571428571;0
"Voorwaarde_min";"27090";"2310";"2310";"Versie 2.0";"Binnen";"Atlantic";1;41,4513647749938;41,4513647749938;6;8;0;75;1
"Voorwaarde_min";"27090";"2310";"2310";"Versie 3";"Binnen";"Atlantic";1;41,4513647749938;41,4513647749938;5;8;0;62,5;1
"Voorwaarde_min";"27602";"4030";"4030";"Versie 2.0";"Binnen";"Atlantic";1;114,382132088648;114,382132088648;4;5;0;80;1
"Voorwaarde_min";"27602";"4030";"4030";"Versie 3";"Binnen";"Atlantic";1;114,382132088648;114,382132088648;5;7;0;71,4285714285714;1
"Voorwaarde_min";"279478";"4010";"4010";"Versie 2.0";"Binnen";"Atlantic";1;59,3729147585655;59,3729147585655;1;6;1;16,6666666666667;0
"Voorwaarde_min";"279478";"4010";"4010";"Versie 3";"Binnen";"Atlantic";1;59,3729147585655;59,3729147585655;1;4;1;25;0
"Voorwaarde_min";"28126";"4010";"4010";"Versie 2.0";"Binnen";"Atlantic";1;59,3729147585655;59,3729147585655;2;6;1;33,3333333333333;0
"Voorwaarde_min";"28126";"4010";"4010";"Versie 3";"Binnen";"Atlantic";1;59,3729147585655;59,3729147585655;1;4;1;25;0
"Voorwaarde_min";"28370";"2310";"2310";"Versie 2.0";"Binnen";"Atlantic";0,871001951894246;41,4513647749938;36,1042196277;6;8;0;75;1
"Voorwaarde_min";"28370";"2310";"2310";"Versie 3";"Binnen";"Atlantic";0,871001951894246;41,4513647749938;36,1042196277;5;8;1;62,5;0
"Voorwaarde_min";"28658";"4030";"4030";"Versie 2.0";"Binnen";"Atlantic";1;114,382132088648;114,382132088648;2;5;1;40;0
"Voorwaarde_min";"28658";"4030";"4030";"Versie 3";"Binnen";"Atlantic";1;114,382132088648;114,382132088648;4;7;1;57,1428571428571;0
"Voorwaarde_min";"29406";"2310";"2310";"Versie 2.0";"Binnen";"Atlantic";1;41,4513647749938;41,4513647749938;6;8;1;75;0
"Voorwaarde_min";"29406";"2310";"2310";"Versie 3";"Binnen";"Atlantic";1;41,4513647749938;41,4513647749938;6;8;1;75;0
"Voorwaarde_min";"295862";"2330";"2330_bu";"Versie 2.0";"Binnen";"Atlantic";0,223782656804328;16,7230246124945;3,7423228775882;4;7;2;57,1428571428571;0
"Voorwaarde_min";"295862";"2330";"2330_bu";"Versie 3";"Binnen";"Atlantic";0,223782656804328;16,7230246124945;3,7423228775882;3;6;2;50;0
"Voorwaarde_min";"29622";"2310";"2310";"Versie 2.0";"Binnen";"Atlantic";0,698568377871301;41,4513647749938;28,956612651419;8;8;0;100;1
"Voorwaarde_min";"29622";"2310";"2310";"Versie 3";"Binnen";"Atlantic";0,698568377871301;41,4513647749938;28,956612651419;7;8;0;87,5;1
"Voorwaarde_min";"3026";"4030";"4030";"Versie 2.0";"Binnen";"Atlantic";0,979180156176559;114,382132088648;112,00071396237;1;5;1;20;0
"Voorwaarde_min";"3026";"4030";"4030";"Versie 3";"Binnen";"Atlantic";0,979180156176559;114,382132088648;112,00071396237;3;7;1;42,8571428571429;0
"Voorwaarde_min";"304338";"2310";"2310";"Versie 2.0";"Binnen";"Atlantic";1;41,4513647749938;41,4513647749938;4;8;1;50;0
"Voorwaarde_min";"304338";"2310";"2310";"Versie 3";"Binnen";"Atlantic";1;41,4513647749938;41,4513647749938;5;8;0;62,5;1
"Voorwaarde_min";"306130";"2310";"2310";"Versie 2.0";"Binnen";"Atlantic";1;41,4513647749938;41,4513647749938;7;8;1;87,5;0
"Voorwaarde_min";"306130";"2310";"2310";"Versie 3";"Binnen";"Atlantic";1;41,4513647749938;41,4513647749938;4;8;1;50;0
"Voorwaarde_min";"32466";"2310";"2310";"Versie 2.0";"Binnen";"Atlantic";1;41,4513647749938;41,4513647749938;3;8;2;37,5;0
"Voorwaarde_min";"32466";"2310";"2310";"Versie 3";"Binnen";"Atlantic";1;41,4513647749938;41,4513647749938;3;8;2;37,5;0
"Voorwaarde_min";"331702";"2310";"2310";"Versie 2.0";"Binnen";"Atlantic";0,76238754517531;41,4513647749938;31,6020042349739;6;8;0;75;1
"Voorwaarde_min";"331702";"2310";"2310";"Versie 3";"Binnen";"Atlantic";0,76238754517531;41,4513647749938;31,6020042349739;6;8;0;75;1
"Voorwaarde_min";"332726";"4030";"4030";"Versie 2.0";"Binnen";"Atlantic";1;114,382132088648;114,382132088648;2;5;1;40;0
"Voorwaarde_min";"332726";"4030";"4030";"Versie 3";"Binnen";"Atlantic";1;114,382132088648;114,382132088648;4;7;1;57,1428571428571;0
"Voorwaarde_min";"33502";"4030";"4030";"Versie 2.0";"Binnen";"Atlantic";1;114,382132088648;114,382132088648;2;5;1;40;0
"Voorwaarde_min";"33502";"4030";"4030";"Versie 3";"Binnen";"Atlantic";1;114,382132088648;114,382132088648;3;7;1;42,8571428571429;0
"Voorwaarde_min";"33718";"2330";"2330_bu";"Versie 2.0";"Binnen";"Atlantic";1;16,7230246124945;16,7230246124945;4;7;2;57,1428571428571;0
"Voorwaarde_min";"33718";"2330";"2330_bu";"Versie 3";"Binnen";"Atlantic";1;16,7230246124945;16,7230246124945;2;6;2;33,3333333333333;0
"Voorwaarde_min";"34514";"2310";"2310";"Versie 2.0";"Binnen";"Atlantic";1;41,4513647749938;41,4513647749938;6;8;1;75;0
"Voorwaarde_min";"34514";"2310";"2310";"Versie 3";"Binnen";"Atlantic";1;41,4513647749938;41,4513647749938;5;8;1;62,5;0
"Voorwaarde_min";"35090";"4010";"4010";"Versie 2.0";"Binnen";"Atlantic";1;59,3729147585655;59,3729147585655;2;6;0;33,3333333333333;0
"Voorwaarde_min";"35090";"4010";"4010";"Versie 3";"Binnen";"Atlantic";1;59,3729147585655;59,3729147585655;1;4;0;25;0
"Voorwaarde_min";"35794";"2310";"2310";"Versie 2.0";"Binnen";"Atlantic";0,787287434265829;41,4513647749938;32,6341386205219;2;8;2;25;0
"Voorwaarde_min";"35794";"2310";"2310";"Versie 3";"Binnen";"Atlantic";0,787287434265829;41,4513647749938;32,6341386205219;4;8;2;50;0
"Voorwaarde_min";"361398";"2330";"2330_bu";"Versie 2.0";"Binnen";"Atlantic";1;16,7230246124945;16,7230246124945;4;7;2;57,1428571428571;0
"Voorwaarde_min";"361398";"2330";"2330_bu";"Versie 3";"Binnen";"Atlantic";1;16,7230246124945;16,7230246124945;2;6;2;33,3333333333333;0
"Voorwaarde_min";"37330";"4030";"4030";"Versie 2.0";"Binnen";"Atlantic";1;114,382132088648;114,382132088648;3;5;0;60;1
"Voorwaarde_min";"37330";"4030";"4030";"Versie 3";"Binnen";"Atlantic";1;114,382132088648;114,382132088648;4;7;0;57,1428571428571;1
"Voorwaarde_min";"38098";"2310";"2310";"Versie 2.0";"Binnen";"Atlantic";0,840973736859655;41,4513647749938;34,8595091327592;7;8;0;87,5;1
"Voorwaarde_min";"38098";"2310";"2310";"Versie 3";"Binnen";"Atlantic";0,840973736859655;41,4513647749938;34,8595091327592;5;8;1;62,5;0
"Voorwaarde_min";"386422";"2330";"2330_bu";"Versie 2.0";"Binnen";"Atlantic";1;16,7230246124945;16,7230246124945;4;7;2;57,1428571428571;0
"Voorwaarde_min";"386422";"2330";"2330_bu";"Versie 3";"Binnen";"Atlantic";1;16,7230246124945;16,7230246124945;2;6;2;33,3333333333333;0
"Voorwaarde_min";"398546";"2310";"2310";"Versie 2.0";"Binnen";"Atlantic";1;41,4513647749938;41,4513647749938;8;8;0;100;1
"Voorwaarde_min";"398546";"2310";"2310";"Versie 3";"Binnen";"Atlantic";1;41,4513647749938;41,4513647749938;7;8;0;87,5;1
"Voorwaarde_min";"40054";"4010";"4010";"Versie 2.0";"Binnen";"Atlantic";1;59,3729147585655;59,3729147585655;1;6;1;16,6666666666667;0
"Voorwaarde_min";"40054";"4010";"4010";"Versie 3";"Binnen";"Atlantic";1;59,3729147585655;59,3729147585655;1;4;1;25;0
"Voorwaarde_min";"40146";"4030";"4030";"Versie 2.0";"Binnen";"Atlantic";0,731121458361115;114,382132088648;83,6272312231063;1;5;1;20;0
"Voorwaarde_min";"40146";"4030";"4030";"Versie 3";"Binnen";"Atlantic";0,731121458361115;114,382132088648;83,6272312231063;4;7;1;57,1428571428571;0
"Voorwaarde_min";"42934";"4030";"4030";"Versie 2.0";"Binnen";"Atlantic";1;114,382132088648;114,382132088648;2;5;1;40;0
"Voorwaarde_min";"42934";"4030";"4030";"Versie 3";"Binnen";"Atlantic";1;114,382132088648;114,382132088648;1;7;2;14,2857142857143;0
"Voorwaarde_min";"431314";"2330";"2330_bu";"Versie 2.0";"Binnen";"Atlantic";1;16,7230246124945;16,7230246124945;7;7;0;100;1
"Voorwaarde_min";"431314";"2330";"2330_bu";"Versie 3";"Binnen";"Atlantic";1;16,7230246124945;16,7230246124945;5;6;0;83,3333333333333;1
"Voorwaarde_min";"43230";"4010";"4010";"Versie 2.0";"Binnen";"Atlantic";1;59,3729147585655;59,3729147585655;2;6;1;33,3333333333333;0
"Voorwaarde_min";"43230";"4010";"4010";"Versie 3";"Binnen";"Atlantic";1;59,3729147585655;59,3729147585655;1;4;1;25;0
"Voorwaarde_min";"433362";"2310";"2310";"Versie 2.0";"Binnen";"Atlantic";1;41,4513647749938;41,4513647749938;6;8;1;75;0
"Voorwaarde_min";"433362";"2310";"2310";"Versie 3";"Binnen";"Atlantic";1;41,4513647749938;41,4513647749938;7;8;0;87,5;1
"Voorwaarde_min";"43566";"4030";"4030";"Versie 2.0";"Binnen";"Atlantic";1;114,382132088648;114,382132088648;3;5;0;60;1
"Voorwaarde_min";"43566";"4030";"4030";"Versie 3";"Binnen";"Atlantic";1;114,382132088648;114,382132088648;4;7;0;57,1428571428571;1
"Voorwaarde_min";"43858";"2330";"2330_bu";"Versie 2.0";"Binnen";"Atlantic";1;16,7230246124945;16,7230246124945;6;7;0;85,7142857142857;1
"Voorwaarde_min";"43858";"2330";"2330_bu";"Versie 3";"Binnen";"Atlantic";1;16,7230246124945;16,7230246124945;3;6;1;50;0
"Voorwaarde_min";"445266";"2330";"2330_bu";"Versie 2.0";"Binnen";"Atlantic";0,599105380380149;16,7230246124945;10,0188540215751;4;7;1;57,1428571428571;0
"Voorwaarde_min";"445266";"2330";"2330_bu";"Versie 3";"Binnen";"Atlantic";0,599105380380149;16,7230246124945;10,0188540215751;4;6;1;66,6666666666667;0
"Voorwaarde_min";"44626";"4030";"4030";"Versie 2.0";"Binnen";"Atlantic";1;114,382132088648;114,382132088648;4;5;0;80;1
"Voorwaarde_min";"44626";"4030";"4030";"Versie 3";"Binnen";"Atlantic";1;114,382132088648;114,382132088648;7;7;0;100;1
"Voorwaarde_min";"45790";"2310";"2310";"Versie 2.0";"Binnen";"Atlantic";1;41,4513647749938;41,4513647749938;6;8;0;75;1
"Voorwaarde_min";"45790";"2310";"2310";"Versie 3";"Binnen";"Atlantic";1;41,4513647749938;41,4513647749938;3;8;1;37,5;0
"Voorwaarde_min";"458462";"2310";"2310";"Versie 2.0";"Binnen";"Atlantic";1;41,4513647749938;41,4513647749938;5;8;1;62,5;0
"Voorwaarde_min";"458462";"2310";"2310";"Versie 3";"Binnen";"Atlantic";1;41,4513647749938;41,4513647749938;5;8;1;62,5;0
"Voorwaarde_min";"459222";"2310";"2310";"Versie 2.0";"Binnen";"Atlantic";1;41,4513647749938;41,4513647749938;1;8;2;12,5;0
"Voorwaarde_min";"459222";"2310";"2310";"Versie 3";"Binnen";"Atlantic";1;41,4513647749938;41,4513647749938;4;8;1;50;0
"Voorwaarde_min";"46006";"4030";"4030";"Versie 2.0";"Binnen";"Atlantic";1;114,382132088648;114,382132088648;4;5;0;80;1
"Voorwaarde_min";"46006";"4030";"4030";"Versie 3";"Binnen";"Atlantic";1;114,382132088648;114,382132088648;6;7;0;85,7142857142857;1
"Voorwaarde_min";"463798";"2310";"2310";"Versie 2.0";"Binnen";"Atlantic";1;41,4513647749938;41,4513647749938;6;8;0;75;1
"Voorwaarde_min";"463798";"2310";"2310";"Versie 3";"Binnen";"Atlantic";1;41,4513647749938;41,4513647749938;5;8;0;62,5;1
"Voorwaarde_min";"476086";"2310";"2310";"Versie 2.0";"Binnen";"Atlantic";0,675019340921222;41,4513647749938;27,9804729307015;3;8;2;37,5;0
"Voorwaarde_min";"476086";"2310";"2310";"Versie 3";"Binnen";"Atlantic";0,675019340921222;41,4513647749938;27,9804729307015;4;8;1;50;0
"Voorwaarde_min";"488054";"2310";"2310";"Versie 2.0";"Binnen";"Atlantic";1;41,4513647749938;41,4513647749938;7;8;0;87,5;1
"Voorwaarde_min";"488054";"2310";"2310";"Versie 3";"Binnen";"Atlantic";1;41,4513647749938;41,4513647749938;6;8;0;75;1
"Voorwaarde_min";"488374";"4030";"4030";"Versie 2.0";"Binnen";"Atlantic";1;114,382132088648;114,382132088648;4;5;0;80;1
"Voorwaarde_min";"488374";"4030";"4030";"Versie 3";"Binnen";"Atlantic";1;114,382132088648;114,382132088648;5;7;0;71,4285714285714;1
"Voorwaarde_min";"492470";"4030";"4030";"Versie 2.0";"Binnen";"Atlantic";0,287068360317604;114,382132088648;32,8354911083198;4;5;0;80;1
"Voorwaarde_min";"492470";"4030";"4030";"Versie 3";"Binnen";"Atlantic";0,287068360317604;114,382132088648;32,8354911083198;4;7;0;57,1428571428571;1
"Voorwaarde_min";"498514";"2310";"2310";"Versie 2.0";"Binnen";"Atlantic";1;41,4513647749938;41,4513647749938;7;8;1;87,5;0
"Voorwaarde_min";"498514";"2310";"2310";"Versie 3";"Binnen";"Atlantic";1;41,4513647749938;41,4513647749938;6;8;0;75;1
"Voorwaarde_min";"50102";"4030";"4030";"Versie 2.0";"Binnen";"Atlantic";1;114,382132088648;114,382132088648;2;5;1;40;0
"Voorwaarde_min";"50102";"4030";"4030";"Versie 3";"Binnen";"Atlantic";1;114,382132088648;114,382132088648;3;7;1;42,8571428571429;0
"Voorwaarde_min";"502610";"2310";"2310";"Versie 2.0";"Binnen";"Atlantic";1;41,4513647749938;41,4513647749938;7;8;0;87,5;1
"Voorwaarde_min";"502610";"2310";"2310";"Versie 3";"Binnen";"Atlantic";1;41,4513647749938;41,4513647749938;7;8;0;87,5;1
"Voorwaarde_min";"503414";"2330";"2330_bu";"Versie 2.0";"Binnen";"Atlantic";0,999970507446378;16,7230246124945;16,7225314077944;6;7;1;85,7142857142857;0
"Voorwaarde_min";"503414";"2330";"2330_bu";"Versie 3";"Binnen";"Atlantic";0,999970507446378;16,7230246124945;16,7225314077944;4;6;1;66,6666666666667;0
"Voorwaarde_min";"504542";"2310";"2310";"Versie 2.0";"Binnen";"Atlantic";0,999970507446378;41,4513647749938;41,4501422683955;6;8;2;75;0
"Voorwaarde_min";"504542";"2310";"2310";"Versie 3";"Binnen";"Atlantic";0,999970507446378;41,4513647749938;41,4501422683955;6;8;1;75;0
"Voorwaarde_min";"5330";"2310";"2310";"Versie 2.0";"Binnen";"Atlantic";1;41,4513647749938;41,4513647749938;7;8;0;87,5;1
"Voorwaarde_min";"5330";"2310";"2310";"Versie 3";"Binnen";"Atlantic";1;41,4513647749938;41,4513647749938;8;8;0;100;1
"Voorwaarde_min";"5422";"4030";"4030";"Versie 2.0";"Binnen";"Atlantic";1;114,382132088648;114,382132088648;2;5;1;40;0
"Voorwaarde_min";"5422";"4030";"4030";"Versie 3";"Binnen";"Atlantic";1;114,382132088648;114,382132088648;2;7;2;28,5714285714286;0
"Voorwaarde_min";"54482";"4030";"4030";"Versie 2.0";"Binnen";"Atlantic";1;114,382132088648;114,382132088648;2;5;1;40;0
"Voorwaarde_min";"54482";"4030";"4030";"Versie 3";"Binnen";"Atlantic";1;114,382132088648;114,382132088648;5;7;1;71,4285714285714;0
"Voorwaarde_min";"546002";"2310";"2310";"Versie 2.0";"Binnen";"Atlantic";1;41,4513647749938;41,4513647749938;6;8;0;75;1
"Voorwaarde_min";"546002";"2310";"2310";"Versie 3";"Binnen";"Atlantic";1;41,4513647749938;41,4513647749938;6;8;0;75;1
"Voorwaarde_min";"54994";"4030";"4030";"Versie 2.0";"Binnen";"Atlantic";1;114,382132088648;114,382132088648;3;5;0;60;1
"Voorwaarde_min";"54994";"4030";"4030";"Versie 3";"Binnen";"Atlantic";1;114,382132088648;114,382132088648;5;7;0;71,4285714285714;1
"Voorwaarde_min";"55058";"2330";"2330_bu";"Versie 2.0";"Buiten";"Atlantic";1;91,9972513460925;91,9972513460925;3;7;2;42,8571428571429;0
"Voorwaarde_min";"55058";"2330";"2330_bu";"Versie 3";"Buiten";"Atlantic";1;91,9972513460925;91,9972513460925;2;6;2;33,3333333333333;0
"Voorwaarde_min";"551218";"2310";"2310";"Versie 2.0";"Binnen";"Atlantic";1;41,4513647749938;41,4513647749938;7;8;0;87,5;1
"Voorwaarde_min";"551218";"2310";"2310";"Versie 3";"Binnen";"Atlantic";1;41,4513647749938;41,4513647749938;6;8;0;75;1
"Voorwaarde_min";"579958";"2310";"2310";"Versie 2.0";"Binnen";"Atlantic";0,251504107602007;41,4513647749938;10,4251885066201;6;8;1;75;0
"Voorwaarde_min";"579958";"2310";"2310";"Versie 3";"Binnen";"Atlantic";0,251504107602007;41,4513647749938;10,4251885066201;7;8;0;87,5;1
"Voorwaarde_min";"583030";"2330";"2330_bu";"Versie 2.0";"Binnen";"Atlantic";0,999970507446378;16,7230246124945;16,7225314077944;5;7;1;71,4285714285714;0
"Voorwaarde_min";"583030";"2330";"2330_bu";"Versie 3";"Binnen";"Atlantic";0,999970507446378;16,7230246124945;16,7225314077944;4;6;1;66,6666666666667;0
"Voorwaarde_min";"59858";"2310";"2310";"Versie 2.0";"Binnen";"Atlantic";1;41,4513647749938;41,4513647749938;4;8;1;50;0
"Voorwaarde_min";"59858";"2310";"2310";"Versie 3";"Binnen";"Atlantic";1;41,4513647749938;41,4513647749938;6;8;1;75;0
"Voorwaarde_min";"602846";"2330";"2330_bu";"Versie 2.0";"Binnen";"Atlantic";0,999970507446378;16,7230246124945;16,7225314077944;5;7;1;71,4285714285714;0
"Voorwaarde_min";"602846";"2330";"2330_bu";"Versie 3";"Binnen";"Atlantic";0,999970507446378;16,7230246124945;16,7225314077944;4;6;1;66,6666666666667;0
"Voorwaarde_min";"60894";"4030";"4030";"Versie 2.0";"Binnen";"Atlantic";1;114,382132088648;114,382132088648;4;5;0;80;1
"Voorwaarde_min";"60894";"4030";"4030";"Versie 3";"Binnen";"Atlantic";1;114,382132088648;114,382132088648;6;7;0;85,7142857142857;1
"Voorwaarde_min";"62141";"4010";"4010";"Versie 2.0";"Binnen";"Atlantic";0,80394270432902;59,3729147585655;47,7324216548975;1;6;1;16,6666666666667;0
"Voorwaarde_min";"62141";"4010";"4010";"Versie 3";"Binnen";"Atlantic";0,80394270432902;59,3729147585655;47,7324216548975;1;4;1;25;0
"Voorwaarde_min";"62174";"2310";"2310";"Versie 2.0";"Binnen";"Atlantic";1;41,4513647749938;41,4513647749938;2;8;3;25;0
"Voorwaarde_min";"62174";"2310";"2310";"Versie 3";"Binnen";"Atlantic";1;41,4513647749938;41,4513647749938;2;8;3;25;0
"Voorwaarde_min";"648566";"2330";"2330_bu";"Versie 2.0";"Binnen";"Atlantic";0,999970507446378;16,7230246124945;16,7225314077944;5;7;1;71,4285714285714;0
"Voorwaarde_min";"648566";"2330";"2330_bu";"Versie 3";"Binnen";"Atlantic";0,999970507446378;16,7230246124945;16,7225314077944;4;6;1;66,6666666666667;0
"Voorwaarde_min";"65234";"4010";"4010";"Versie 2.0";"Binnen";"Atlantic";1;59,3729147585655;59,3729147585655;1;6;1;16,6666666666667;0
"Voorwaarde_min";"65234";"4010";"4010";"Versie 3";"Binnen";"Atlantic";1;59,3729147585655;59,3729147585655;1;4;1;25;0
"Voorwaarde_min";"65522";"4010";"4010";"Versie 2.0";"Binnen";"Atlantic";1;59,3729147585655;59,3729147585655;1;6;1;16,6666666666667;0
"Voorwaarde_min";"65522";"4010";"4010";"Versie 3";"Binnen";"Atlantic";1;59,3729147585655;59,3729147585655;1;4;1;25;0
"Voorwaarde_min";"656246";"2330";"2330_bu";"Versie 2.0";"Binnen";"Atlantic";0,999970507446378;16,7230246124945;16,7225314077944;3;7;1;42,8571428571429;0
"Voorwaarde_min";"656246";"2330";"2330_bu";"Versie 3";"Binnen";"Atlantic";0,999970507446378;16,7230246124945;16,7225314077944;3;6;1;50;0
"Voorwaarde_min";"659382";"2330";"2330_bu";"Versie 2.0";"Binnen";"Atlantic";1;16,7230246124945;16,7230246124945;5;7;0;71,4285714285714;1
"Voorwaarde_min";"659382";"2330";"2330_bu";"Versie 3";"Binnen";"Atlantic";1;16,7230246124945;16,7230246124945;5;6;0;83,3333333333333;1
"Voorwaarde_min";"66006";"2310";"2310";"Versie 2.0";"Binnen";"Atlantic";1;41,4513647749938;41,4513647749938;5;8;1;62,5;0
"Voorwaarde_min";"66006";"2310";"2310";"Versie 3";"Binnen";"Atlantic";1;41,4513647749938;41,4513647749938;6;8;1;75;0
"Voorwaarde_min";"66270";"4010";"4010";"Versie 2.0";"Binnen";"Atlantic";1;59,3729147585655;59,3729147585655;4;6;1;66,6666666666667;0
"Voorwaarde_min";"66270";"4010";"4010";"Versie 3";"Binnen";"Atlantic";1;59,3729147585655;59,3729147585655;2;4;1;50;0
"Voorwaarde_min";"714198";"2330";"2330_bu";"Versie 2.0";"Binnen";"Atlantic";0,999970507446378;16,7230246124945;16,7225314077944;3;7;1;42,8571428571429;0
"Voorwaarde_min";"714198";"2330";"2330_bu";"Versie 3";"Binnen";"Atlantic";0,999970507446378;16,7230246124945;16,7225314077944;3;6;1;50;0
"Voorwaarde_min";"714230";"2330";"2330_bu";"Versie 2.0";"Binnen";"Atlantic";0,999970507446378;16,7230246124945;16,7225314077944;4;7;1;57,1428571428571;0
"Voorwaarde_min";"714230";"2330";"2330_bu";"Versie 3";"Binnen";"Atlantic";0,999970507446378;16,7230246124945;16,7225314077944;3;6;1;50;0
"Voorwaarde_min";"71902";"4010";"4010";"Versie 2.0";"Binnen";"Atlantic";1;59,3729147585655;59,3729147585655;2;6;0;33,3333333333333;0
"Voorwaarde_min";"71902";"4010";"4010";"Versie 3";"Binnen";"Atlantic";1;59,3729147585655;59,3729147585655;2;4;0;50;0
"Voorwaarde_min";"72690";"4030";"4030";"Versie 2.0";"Binnen";"Atlantic";1;114,382132088648;114,382132088648;1;5;1;20;0
"Voorwaarde_min";"72690";"4030";"4030";"Versie 3";"Binnen";"Atlantic";1;114,382132088648;114,382132088648;2;7;1;28,5714285714286;0
"Voorwaarde_min";"734";"4010";"4010";"Versie 2.0";"Binnen";"Atlantic";1;59,3729147585655;59,3729147585655;4;6;0;66,6666666666667;1
"Voorwaarde_min";"734";"4010";"4010";"Versie 3";"Binnen";"Atlantic";1;59,3729147585655;59,3729147585655;3;4;0;75;1
"Voorwaarde_min";"742610";"2330";"2330_bu";"Versie 2.0";"Binnen";"Atlantic";1;16,7230246124945;16,7230246124945;7;7;0;100;1
"Voorwaarde_min";"742610";"2330";"2330_bu";"Versie 3";"Binnen";"Atlantic";1;16,7230246124945;16,7230246124945;5;6;0;83,3333333333333;1
"Voorwaarde_min";"75474";"4030";"4030";"Versie 2.0";"Binnen";"Atlantic";1;114,382132088648;114,382132088648;4;5;0;80;1
"Voorwaarde_min";"75474";"4030";"4030";"Versie 3";"Binnen";"Atlantic";1;114,382132088648;114,382132088648;5;7;0;71,4285714285714;1
"Voorwaarde_min";"76242";"4010";"4010";"Versie 2.0";"Binnen";"Atlantic";0,801668360543478;59,3729147585655;47,5973872351869;3;6;0;50;0
"Voorwaarde_min";"76242";"4010";"4010";"Versie 3";"Binnen";"Atlantic";0,801668360543478;59,3729147585655;47,5973872351869;3;4;0;75;1
"Voorwaarde_min";"76754";"2310";"2310";"Versie 2.0";"Binnen";"Atlantic";1;41,4513647749938;41,4513647749938;4;8;1;50;0
"Voorwaarde_min";"76754";"2310";"2310";"Versie 3";"Binnen";"Atlantic";1;41,4513647749938;41,4513647749938;6;8;1;75;0
"Voorwaarde_min";"77278";"4010";"4010";"Versie 2.0";"Binnen";"Atlantic";1;59,3729147585655;59,3729147585655;4;6;0;66,6666666666667;1
"Voorwaarde_min";"77278";"4010";"4010";"Versie 3";"Binnen";"Atlantic";1;59,3729147585655;59,3729147585655;3;4;0;75;1
"Voorwaarde_min";"77394";"4030";"4030";"Versie 2.0";"Binnen";"Atlantic";1;114,382132088648;114,382132088648;4;5;0;80;1
"Voorwaarde_min";"77394";"4030";"4030";"Versie 3";"Binnen";"Atlantic";1;114,382132088648;114,382132088648;6;7;0;85,7142857142857;1
"Voorwaarde_min";"808146";"2330";"2330_bu";"Versie 2.0";"Binnen";"Atlantic";1;16,7230246124945;16,7230246124945;5;7;1;71,4285714285714;0
"Voorwaarde_min";"808146";"2330";"2330_bu";"Versie 3";"Binnen";"Atlantic";1;16,7230246124945;16,7230246124945;4;6;1;66,6666666666667;0
"Voorwaarde_min";"81374";"4010";"4010";"Versie 2.0";"Binnen";"Atlantic";1;59,3729147585655;59,3729147585655;1;6;1;16,6666666666667;0
"Voorwaarde_min";"81374";"4010";"4010";"Versie 3";"Binnen";"Atlantic";1;59,3729147585655;59,3729147585655;1;4;1;25;0
"Voorwaarde_min";"821462";"2330";"2330_bu";"Versie 2.0";"Binnen";"Atlantic";0,999970507446378;16,7230246124945;16,7225314077944;5;7;0;71,4285714285714;1
"Voorwaarde_min";"821462";"2330";"2330_bu";"Versie 3";"Binnen";"Atlantic";0,999970507446378;16,7230246124945;16,7225314077944;4;6;0;66,6666666666667;1
"Voorwaarde_min";"82222";"4030";"4030";"Versie 2.0";"Binnen";"Atlantic";0,919626734322581;114,382132088648;105,188866597538;4;5;0;80;1
"Voorwaarde_min";"82222";"4030";"4030";"Versie 3";"Binnen";"Atlantic";0,919626734322581;114,382132088648;105,188866597538;4;7;0;57,1428571428571;1
"Voorwaarde_min";"82654";"4010";"4010";"Versie 2.0";"Binnen";"Atlantic";1;59,3729147585655;59,3729147585655;2;6;1;33,3333333333333;0
"Voorwaarde_min";"82654";"4010";"4010";"Versie 3";"Binnen";"Atlantic";1;59,3729147585655;59,3729147585655;1;4;1;25;0
"Voorwaarde_min";"84946";"2310";"2310";"Versie 2.0";"Binnen";"Atlantic";1;41,4513647749938;41,4513647749938;4;8;1;50;0
"Voorwaarde_min";"84946";"2310";"2310";"Versie 3";"Binnen";"Atlantic";1;41,4513647749938;41,4513647749938;6;8;1;75;0
"Voorwaarde_min";"87250";"4010";"4010";"Versie 2.0";"Binnen";"Atlantic";1;59,3729147585655;59,3729147585655;1;6;1;16,6666666666667;0
"Voorwaarde_min";"87250";"4010";"4010";"Versie 3";"Binnen";"Atlantic";1;59,3729147585655;59,3729147585655;1;4;1;25;0
"Voorwaarde_min";"877942";"2330";"2330_bu";"Versie 2.0";"Binnen";"Atlantic";0,999970507446378;16,7230246124945;16,7225314077944;6;7;1;85,7142857142857;0
"Voorwaarde_min";"877942";"2330";"2330_bu";"Versie 3";"Binnen";"Atlantic";0,999970507446378;16,7230246124945;16,7225314077944;4;6;1;66,6666666666667;0
"Voorwaarde_min";"8786";"4030";"4030";"Versie 2.0";"Buiten";"Atlantic";1;375,394417555413;375,394417555413;1;5;0;20;0
"Voorwaarde_min";"8786";"4030";"4030";"Versie 3";"Buiten";"Atlantic";1;375,394417555413;375,394417555413;3;7;0;42,8571428571429;0
"Voorwaarde_min";"884342";"2330";"2330_bu";"Versie 2.0";"Binnen";"Atlantic";0,999970507446378;16,7230246124945;16,7225314077944;5;7;1;71,4285714285714;0
"Voorwaarde_min";"884342";"2330";"2330_bu";"Versie 3";"Binnen";"Atlantic";0,999970507446378;16,7230246124945;16,7225314077944;3;6;1;50;0
"Voorwaarde_min";"8893";"2310";"2310";"Versie 2.0";"Binnen";"Atlantic";1;41,4513647749938;41,4513647749938;6;8;1;75;0
"Voorwaarde_min";"8893";"2310";"2310";"Versie 3";"Binnen";"Atlantic";1;41,4513647749938;41,4513647749938;4;8;2;50;0
"Voorwaarde_min";"90846";"2310";"2310";"Versie 2.0";"Binnen";"Atlantic";1;41,4513647749938;41,4513647749938;1;8;3;12,5;0
"Voorwaarde_min";"90846";"2310";"2310";"Versie 3";"Binnen";"Atlantic";1;41,4513647749938;41,4513647749938;3;8;2;37,5;0
"Voorwaarde_min";"91122";"4030";"4030";"Versie 2.0";"Binnen";"Atlantic";0,574609273274882;114,382132088648;65,7250337950897;2;5;1;40;0
"Voorwaarde_min";"91122";"4030";"4030";"Versie 3";"Binnen";"Atlantic";0,574609273274882;114,382132088648;65,7250337950897;3;7;1;42,8571428571429;0
"Voorwaarde_min";"91410";"4030";"4030";"Versie 2.0";"Binnen";"Atlantic";0,999970507446378;114,382132088648;114,378758667484;3;5;0;60;1
"Voorwaarde_min";"91410";"4030";"4030";"Versie 3";"Binnen";"Atlantic";0,999970507446378;114,382132088648;114,378758667484;4;7;0;57,1428571428571;1
"Voorwaarde_min";"91510";"2330";"2330_bu";"Versie 2.0";"Binnen";"Atlantic";1;16,7230246124945;16,7230246124945;5;7;2;71,4285714285714;0
"Voorwaarde_min";"91510";"2330";"2330_bu";"Versie 3";"Binnen";"Atlantic";1;16,7230246124945;16,7230246124945;3;6;2;50;0
"Voorwaarde_min";"92382";"4030";"4030";"Versie 2.0";"Binnen";"Atlantic";0,907927863567406;114,382132088648;103,850724817531;3;5;0;60;1
"Voorwaarde_min";"92382";"4030";"4030";"Versie 3";"Binnen";"Atlantic";0,907927863567406;114,382132088648;103,850724817531;3;7;0;42,8571428571429;0
"Voorwaarde_min";"93138";"2310";"2310";"Versie 2.0";"Binnen";"Atlantic";1;41,4513647749938;41,4513647749938;4;8;1;50;0
"Voorwaarde_min";"93138";"2310";"2310";"Versie 3";"Binnen";"Atlantic";1;41,4513647749938;41,4513647749938;4;8;2;50;0
"Voorwaarde_min";"937682";"2330";"2330_bu";"Versie 2.0";"Binnen";"Atlantic";1;16,7230246124945;16,7230246124945;6;7;0;85,7142857142857;1
"Voorwaarde_min";"937682";"2330";"2330_bu";"Versie 3";"Binnen";"Atlantic";1;16,7230246124945;16,7230246124945;5;6;0;83,3333333333333;1
"Voorwaarde_min";"94942";"4010";"4010";"Versie 2.0";"Binnen";"Atlantic";1;59,3729147585655;59,3729147585655;2;6;1;33,3333333333333;0
"Voorwaarde_min";"94942";"4010";"4010";"Versie 3";"Binnen";"Atlantic";1;59,3729147585655;59,3729147585655;1;4;1;25;0
"Voorwaarde_min";"95158";"2310";"2310";"Versie 2.0";"Binnen";"Atlantic";0,717355538221587;41,4513647749938;29,735366088185;5;8;2;62,5;0
"Voorwaarde_min";"95158";"2310";"2310";"Versie 3";"Binnen";"Atlantic";0,717355538221587;41,4513647749938;29,735366088185;6;8;1;75;0
"Voorwaarde_min";"95710";"4010";"4010";"Versie 2.0";"Binnen";"Atlantic";0,984870436611055;59,3729147585655;58,4746284811393;6;12;2;50;0
"Voorwaarde_min";"95710";"4010";"4010";"Versie 3";"Binnen";"Atlantic";0,984870436611055;59,3729147585655;58,4746284811393;4;8;2;50;0
"Voorwaarde_min";"963294";"2330";"2330_bu";"Versie 2.0";"Binnen";"Atlantic";0,999970507446378;16,7230246124945;16,7225314077944;5;7;1;71,4285714285714;0
"Voorwaarde_min";"963294";"2330";"2330_bu";"Versie 3";"Binnen";"Atlantic";0,999970507446378;16,7230246124945;16,7225314077944;4;6;1;66,6666666666667;0
"Voorwaarde_min";"96978";"2310";"2310";"Versie 2.0";"Binnen";"Atlantic";1;41,4513647749938;41,4513647749938;8;8;0;100;1
"Voorwaarde_min";"96978";"2310";"2310";"Versie 3";"Binnen";"Atlantic";1;41,4513647749938;41,4513647749938;7;8;0;87,5;1
"Voorwaarde_min";"976246";"2310";"2310";"Versie 2.0";"Binnen";"Atlantic";0,999970507446378;41,4513647749938;41,4501422683955;4;8;0;50;0
"Voorwaarde_min";"976246";"2310";"2310";"Versie 3";"Binnen";"Atlantic";0,999970507446378;41,4513647749938;41,4501422683955;5;8;0;62,5;1
"Voorwaarde_min";"98002";"2310";"2310";"Versie 2.0";"Binnen";"Atlantic";1;41,4513647749938;41,4513647749938;4;8;1;50;0
"Voorwaarde_min";"98002";"2310";"2310";"Versie 3";"Binnen";"Atlantic";1;41,4513647749938;41,4513647749938;6;8;1;75;0
"Voorwaarde_min";"9938";"4030";"4030";"Versie 2.0";"Binnen";"Atlantic";1;114,382132088648;114,382132088648;4;5;0;80;1
"Voorwaarde_min";"9938";"4030";"4030";"Versie 3";"Binnen";"Atlantic";1;114,382132088648;114,382132088648;6;7;0;85,7142857142857;1
